"Código Liquidação";"Código Liquidação Resumido";"Data Emissão";"Código Tipo Documento";"Tipo Documento";"Código Órgão Superior";"Órgão Superior";"Código Órgão";"Órgão";"Código Unidade Gestora";"Unidade Gestora";"Código Gestão";"Gestão";"Código Favorecido";"Favorecido";"Observação";"Código Categoria de Despesa";"Categoria de Despesa";"Código Grupo de Despesa";"Grupo de Despesa";"Código Modalidade de Aplicação";"Modalidade de Aplicação";"Código Elemento de Despesa";"Elemento de Despesa";"Código Plano Orçamentário";"Plano Orçamentário";"Código Programa Governo";"Nome Programa Governo"
"158488264332024NS000019";"2024NS000019";"01/01/2024";"NS";"Nota de Lançamento de Sistema";"26000";"Ministério da Educação";"26433";"Instituto Federal do Rio de Janeiro";"158488";"CAMPUS VOLTA REDONDA";"26433";"INST.FED.DE EDUC.,CIENC.E TEC.DO R.DE JANEIRO";"23829669000196";"C.F.EMBALAGENS PLASTICAS LTDA";"NOTA DE LANCAMENTO GERADA PELO SIADS ATRAVES DE ENTRADA DE MATERIAL DE CONSUMO POR COMPRA ? RAP ENTRADA 5030/1 UG DE ORIGEM 158488.";"3";"DESPESAS CORRENTES";"3";"Outras Despesas Correntes";"90";"Aplicações Diretas";"30";"Material de Consumo";"0000";"FUNCIONAMENTO DAS INSTITUICOES DA REDE FEDERAL DE EDUCACAO PROFISSIONAL, CIENTIFICA E TECNOLOGICA";"00";"Sem informação"
"275075272112024NS000258";"2024NS000258";"01/01/2024";"NS";"Nota de Lançamento de Sistema";"39000";"Ministério dos Transportes";"29209";"VALEC Engenharia, Construções e Ferrovias S";"275075";"VALEC ENGENHARIA, CONSTRUCOES E FERROVIAS S.A";"27211";"VALEC-ENGENHARIA,CONSTRUCOES E FERROVIAS S/A";"01993899000153";"PERICIAL SUL-PERICIAS MEDICAS SAUDE E SEGURANCA DO TRAB";"DLC 81/2024/SUGEP, SEI 7954143 - PAGAMENTO REFERENTE A PRESTACAO DE SERVICO DE SEGURANCA E MEDICINA DO TRABALHO - CONTRATO 25/2021 - COMPETENCIA JANEIRO/2024 - NFSE-5746 - PERICIAL SUL-PERICIAS MEDICAS SAUDE E SEGURANCA DO TRABALHO,ASSESSORIA CONSULTORIA E AUDITORIA LTDA.";"3";"DESPESAS CORRENTES";"3";"Outras Despesas Correntes";"90";"Aplicações Diretas";"39";"Outros Serviços de Terceiros - Pessoa Juríd";"0002";"EXAMES PERIODICOS - CIVIS";"00";"Sem informação"
"170055000012024NS000089";"2024NS000089";"01/01/2024";"NS";"Nota de Lançamento de Sistema";"46000";"Ministério da Gestão e da Inovação em Ser";"46000";"Ministério da Gestão e da Inovação em Ser";"170055";"SUPERINTENDENCIA REG. ADM. DO MGI-PERNANBUCO";"00001";"TESOURO NACIONAL";"11990541000120";"NHX ADMINISTRACAO DE PARTICIPACOES E EMPREENDIMENTOS LT";"INCLUSAO DA DIFERENCA DE 8,00 NO VALOR DA DESPESA - ALUGUEL DE IMOVEL DA EMPRESA NHX ADMINISTRACAO DE BENS PROPRIOS MES NOV/23 CTO 19/2010,ERJ-PRFN5-CAR/PE.";"3";"DESPESAS CORRENTES";"3";"Outras Despesas Correntes";"90";"Aplicações Diretas";"39";"Outros Serviços de Terceiros - Pessoa Juríd";"0000";"ADMINISTRACAO DA UNIDADE - DESPESAS DIVERSAS";"00";"Sem informação"
"170038000012024NS000212";"2024NS000212";"01/01/2024";"NS";"Nota de Lançamento de Sistema";"46000";"Ministério da Gestão e da Inovação em Ser";"46000";"Ministério da Gestão e da Inovação em Ser";"170038";"SUPERINTENDENCIA REG. ADM. DO MGI - CEARA";"00001";"TESOURO NACIONAL";"36045363000190";"SORELLE COMERCIO ELETROS E EQUIPAMENTOS LTDA";"NOTA DE LANCAMENTO GERADA PELO SIADS ATRAVES DE ENTRADA DE MATERIAL PERMANENTE - COMPRA ENTRADA 50711/2 UG DE ORIGEM 170038.";"4";"DESPESAS DE CAPITAL";"4";"Investimentos";"90";"Aplicações Diretas";"52";"Equipamentos e Material Permanente";"0000";"ADMINISTRACAO DA UNIDADE - DESPESAS DIVERSAS";"00";"Sem informação"
"193028192052024NS001891";"2024NS001891";"01/01/2024";"NS";"Nota de Lançamento de Sistema";"28000";"Ministério do Desenvolvimento, Indústria, C";"20603";"Superintendência da Zona Franca de Manaus";"193028";"SUPERINTENDENCIA DA ZONA FRANCA DE MANAUS/AM";"19205";"SUPERINTENDENCIA DA ZONA FRANCA DE MANAUS";"20515983000106";"TOP MIX COMERCIO E SERVICOS LTDA";"NOTA DE LANCAMENTO GERADA PELO SIADS ATRAVES DE ENTRADA DE MATERIAL PERMANENTE - COMPRA ENTRADA 1053/1 UG DE ORIGEM 193028.";"4";"DESPESAS DE CAPITAL";"4";"Investimentos";"90";"Aplicações Diretas";"52";"Equipamentos e Material Permanente";"0003";"DESPESAS GERAIS DA ADMINISTRACAO";"00";"Sem informação"
"323031322052024NS000353";"2024NS000353";"01/01/2024";"NS";"Nota de Lançamento de Sistema";"32000";"Ministério de Minas e Energia";"32205";"Agência Nacional do Petróleo, Gás Natural ";"323031";"ESCRITORIO CENTRAL DA ANP";"32205";"AGENCIA NACIONAL DO PETROLEO";"31245376000190";"SERIAL SISTEMAS LTDA";"APROPRIACAO DA LIQUIDACAO DA DESPESA CONTIDA NA NF N.º 1864 DE 01/11/2023, NO VALOR DE R$ 420,75, REFERENTE A VALORES RETROATIVOS NO CONTRATO Nº 9.027/19-ANP-204.618, FIRMADO ENTRE A ANP E A SERIAL SISTEMAS LTDA., PARA A PRESTACAO DE SERVICOS DE MANUTENCAO PREV. E CORT. DE SISTEMAS DE DETECCAO, ALARME E COMBATE A INCENDIOS COM GAS FM 200, NAS DEPENDENCIAS DO ESCRITORIO DA ANP/URCA, NO PERIODO DOS MESES DE JULHO, AGOSTO E SETEMBRO DE 2023, CONFORME SEI 3689363.";"3";"DESPESAS CORRENTES";"3";"Outras Despesas Correntes";"90";"Aplicações Diretas";"39";"Outros Serviços de Terceiros - Pessoa Juríd";"0001";"GESTAO DO ACERVO DE INFORMACOES SOBRE BACIAS SEDIMENTARES BRASILEIRAS E DA INDUSTRIA DO PETROLEO E GAS NATURAL";"00";"Sem informação"
"323031322052024NS000497";"2024NS000497";"01/01/2024";"NS";"Nota de Lançamento de Sistema";"32000";"Ministério de Minas e Energia";"32205";"Agência Nacional do Petróleo, Gás Natural ";"323031";"ESCRITORIO CENTRAL DA ANP";"32205";"AGENCIA NACIONAL DO PETROLEO";"46566255000117";"SERRA AZUL DISTRIBUIDORA DE BEBIDAS LTDA";"NOTA DE LANCAMENTO GERADA PELO SIADS ATRAVES DE ENTRADA DE MATERIAL DE CONSUMO - IMEDIATO - RAP ENTRADA 173/1 UG DE ORIGEM 323031.";"3";"DESPESAS CORRENTES";"3";"Outras Despesas Correntes";"90";"Aplicações Diretas";"30";"Material de Consumo";"0001";"GESTAO DO ACERVO DE INFORMACOES SOBRE BACIAS SEDIMENTARES BRASILEIRAS E DA INDUSTRIA DO PETROLEO E GAS NATURAL";"00";"Sem informação"
"158523264292024NS000093";"2024NS000093";"01/01/2024";"NS";"Nota de Lançamento de Sistema";"26000";"Ministério da Educação";"26429";"Instituto Federal de Educação, Ciência e T";"158523";"INST.FED.DE GOIAS/CAMPUS FORMOSA";"26429";"INST.FED.DE EDUC.,CIENC.E TEC.DE GOIAS";"27704075000100";"PROFORCE TERCEIRIZACOES E SERVICOS LTDA";"PAGAMENTO NFS-E 1114 - COMPETENCIA DEZEMBRO/2023 - CONTRATO 08/2022 - VIGENCIA 10/12/2022 A 10/12/2023 - PROCESSO 23378.000009/2024-13";"MU";"Múltiplo";"MU";"Múltiplo";"MU";"Múltiplo";"MU";"Múltiplo";"-1";"Sem informação";"-1";"Sem informação"
"158413264112024NS000193";"2024NS000193";"01/01/2024";"NS";"Nota de Lançamento de Sistema";"26000";"Ministério da Educação";"26411";"Instituto Federal do Sudeste de Minas Gerais";"158413";"INST FED SUDESTE DE MG/CAMPUS BARBACENA";"26411";"INST.FED.DE EDUC.,CIENC.E TEC.DO SUDESTE MG";"05691235000190";"COPYUAI LOCACAO DE EQUIPAMENTOS LTDA";"PAGAMETNO DA NOTA FISCAL 000.076.258 - CONTRATACAO EMPRESA DE OUTSOURCING DE IMPRESSAO - CONTRATO 24/2018 - PREGAO 013/2018 - NAO OPTANTE PELO SIMPLES NACIONAL - RETENCAO DE 9,45 - REFERENTE A NOVEMBRO DE 2023";"MU";"Múltiplo";"MU";"Múltiplo";"MU";"Múltiplo";"MU";"Múltiplo";"-1";"Sem informação";"-1";"Sem informação"
"200281000012024NS000027";"2024NS000027";"01/01/2024";"NS";"Nota de Lançamento de Sistema";"25000";"Ministério da Fazenda";"25000";"Ministério da Fazenda - Unidades com víncul";"200281";"FOLHA DE PAGAMENTO - MF";"00001";"TESOURO NACIONAL";"200281";"FOLHA DE PAGAMENTO - MF";"APROPRIACAO DA FOLHA DE PAGAMENTO DO MINISTERIO DA FAZENDA- MF - FOPAG DEZ/2023 - PROCESSO SEI 10199.118665/2023-57.";"3";"DESPESAS CORRENTES";"1";"Pessoal e Encargos Sociais";"90";"Aplicações Diretas";"92";"Despesas de Exercícios Anteriores";"-1";"Sem informação";"-1";"Sem informação"
"200281000012024NS000026";"2024NS000026";"01/01/2024";"NS";"Nota de Lançamento de Sistema";"25000";"Ministério da Fazenda";"25000";"Ministério da Fazenda - Unidades com víncul";"200281";"FOLHA DE PAGAMENTO - MF";"00001";"TESOURO NACIONAL";"200281";"FOLHA DE PAGAMENTO - MF";"APROPRIACAO DA FOLHA DE PAGAMENTO DO MINISTERIO DA FAZENDA- MF - FOPAG DEZ/2023 - PROCESSO SEI 10199.118665/2023-57.";"3";"DESPESAS CORRENTES";"1";"Pessoal e Encargos Sociais";"90";"Aplicações Diretas";"92";"Despesas de Exercícios Anteriores";"-1";"Sem informação";"-1";"Sem informação"
"200281000012024NS000025";"2024NS000025";"01/01/2024";"NS";"Nota de Lançamento de Sistema";"25000";"Ministério da Fazenda";"25000";"Ministério da Fazenda - Unidades com víncul";"200281";"FOLHA DE PAGAMENTO - MF";"00001";"TESOURO NACIONAL";"200281";"FOLHA DE PAGAMENTO - MF";"RECOLHIMENTO PARTE PATRONAL GRAT. NATALINA FUNPRESP - FOPAG DEZ/23 - RFB - PROCESSO SEI 10199.118665/2023-57.";"3";"DESPESAS CORRENTES";"1";"Pessoal e Encargos Sociais";"90";"Aplicações Diretas";"92";"Despesas de Exercícios Anteriores";"-1";"Sem informação";"-1";"Sem informação"
"155015264432024NS000330";"2024NS000330";"01/01/2024";"NS";"Nota de Lançamento de Sistema";"26000";"Ministério da Educação";"26443";"Empresa Brasileira de Serviços Hospitalares";"155015";"MATERNIDADE ESCOLA JANUARIO CICCO";"26443";"EMPRESA BRASILEIRA DE SERVICOS HOSPITALARES";"08324196000181";"COMPANHIA ENERGETICA DO RIO GRANDE DO NORTE COSERN";"APROPRIACAO FATURAS 7008771957, 7008566296 - EMISSAO: 01/01/2024 - COSERN - PROCESSO 23528.000999/2024-29 - R$ 113.867,53 - COMPETENCIA: 12/2023, CONTRATO 49/2019.";"3";"DESPESAS CORRENTES";"3";"Outras Despesas Correntes";"90";"Aplicações Diretas";"MU";"Múltiplo";"-1";"Sem informação";"-1";"Sem informação"
"194026192082024NS000201";"2024NS000201";"01/01/2024";"NS";"Nota de Lançamento de Sistema";"84000";"Ministério dos Povos Indígenas";"30202";"Fundação Nacional do Índio";"194026";"COORDENACAO REGIONAL DE GUARAPUAVA/PR";"19208";"FUNDACAO NACIONAL DO INDIO";"05340639000130";"PRIME CONSULTORIA E ASSESSORIA EMPRESARIAL LTDA";"PAGAMENTO DAS NOTAS FISCAIS DA EMPRESA PRIME, CNPJ Nº 05.340.639/0001-30, REFERENTE AS DESPESAS COM ABASTECIMENTO DOC SEI 6204348, NO PERIODO DE DEZEMBRO DE 2023, CF. INSTRUCAO DE PAGAMENTO 3 (SEI Nº 6173352)";"3";"DESPESAS CORRENTES";"3";"Outras Despesas Correntes";"90";"Aplicações Diretas";"MU";"Múltiplo";"-1";"Sem informação";"-1";"Sem informação"
"194026192082024NS000206";"2024NS000206";"01/01/2024";"NS";"Nota de Lançamento de Sistema";"84000";"Ministério dos Povos Indígenas";"30202";"Fundação Nacional do Índio";"194026";"COORDENACAO REGIONAL DE GUARAPUAVA/PR";"19208";"FUNDACAO NACIONAL DO INDIO";"05340639000130";"PRIME CONSULTORIA E ASSESSORIA EMPRESARIAL LTDA";"PAGAMENTO DAS NOTAS FISCAIS 1993512, 1993513, 1993510, 1993511, 1993506, 1993507, 1993500, 1993501, 1993492, 1993493, 1993490, 1993491, 1993530, 1993531, 1993526, 1993527, 1993524, 1993525, 1993520, 1993521, 1993516 E 1993517 REFERENTES MANUTENCAO, PECAS A TAXAS DE ADMINISTRACAO NO MES REFERENCIA: DEZEMBRO/2023, FORNECIDOS PELA EMPRESA PRIME A COORDENACAO REGIONAL DE GUARAPUAVA, SEUS SERVICOS E COORDENACOES TECNICAS LOCAIS";"3";"DESPESAS CORRENTES";"3";"Outras Despesas Correntes";"90";"Aplicações Diretas";"MU";"Múltiplo";"-1";"Sem informação";"-1";"Sem informação"
"170028000012024NS000029";"2024NS000029";"01/01/2024";"NS";"Nota de Lançamento de Sistema";"25000";"Ministério da Fazenda";"25000";"Ministério da Fazenda - Unidades com víncul";"170028";"DELEGACIA DA RFB EM SAO LUIS";"00001";"TESOURO NACIONAL";"38657319000167";"E P L SERVICOS E COMERCIO LTDA";"NOTA DE LANCAMENTO GERADA PELO SIADS ATRAVES DE ENTRADA DE MATERIAL DE CONSUMO - IMEDIATO - RAP ENTRADA 356/001 UG DE ORIGEM 170028.";"3";"DESPESAS CORRENTES";"3";"Outras Despesas Correntes";"90";"Aplicações Diretas";"30";"Material de Consumo";"0002";"ADMINISTRACAO DA UNIDADE - RFB";"00";"Sem informação"
"170028000012024NS000028";"2024NS000028";"01/01/2024";"NS";"Nota de Lançamento de Sistema";"25000";"Ministério da Fazenda";"25000";"Ministério da Fazenda - Unidades com víncul";"170028";"DELEGACIA DA RFB EM SAO LUIS";"00001";"TESOURO NACIONAL";"38657319000167";"E P L SERVICOS E COMERCIO LTDA";"NOTA DE LANCAMENTO GERADA PELO SIADS ATRAVES DE ENTRADA DE MATERIAL DE CONSUMO - IMEDIATO - RAP ENTRADA 353/001 UG DE ORIGEM 170028.";"3";"DESPESAS CORRENTES";"3";"Outras Despesas Correntes";"90";"Aplicações Diretas";"30";"Material de Consumo";"0002";"ADMINISTRACAO DA UNIDADE - RFB";"00";"Sem informação"
"170028000012024NS000001";"2024NS000001";"01/01/2024";"NS";"Nota de Lançamento de Sistema";"25000";"Ministério da Fazenda";"25000";"Ministério da Fazenda - Unidades com víncul";"170028";"DELEGACIA DA RFB EM SAO LUIS";"00001";"TESOURO NACIONAL";"22962045000180";"Y G A COMERCIO VAREJISTA DE PRODUTOS ALIMENTICIOS LTDA";"NOTA DE LANCAMENTO GERADA PELO SIADS ATRAVES DE ENTRADA DE MATERIAL DE CONSUMO - IMEDIATO ENTRADA 241/001 UG DE ORIGEM 170028.";"3";"DESPESAS CORRENTES";"3";"Outras Despesas Correntes";"90";"Aplicações Diretas";"30";"Material de Consumo";"0002";"ADMINISTRACAO DA UNIDADE - RFB";"00";"Sem informação"
"170028000012024NS000027";"2024NS000027";"01/01/2024";"NS";"Nota de Lançamento de Sistema";"25000";"Ministério da Fazenda";"25000";"Ministério da Fazenda - Unidades com víncul";"170028";"DELEGACIA DA RFB EM SAO LUIS";"00001";"TESOURO NACIONAL";"43185142000183";"AMR SERVICOS E DISTRIBUIDORA LTDA";"NOTA DE LANCAMENTO GERADA PELO SIADS ATRAVES DE ENTRADA DE MATERIAL DE CONSUMO POR COMPRA ? RAP ENTRADA 776/001 UG DE ORIGEM 170028.";"3";"DESPESAS CORRENTES";"3";"Outras Despesas Correntes";"90";"Aplicações Diretas";"30";"Material de Consumo";"0002";"ADMINISTRACAO DA UNIDADE - RFB";"00";"Sem informação"
"275075272112024NS000067";"2024NS000067";"01/01/2024";"NS";"Nota de Lançamento de Sistema";"39000";"Ministério dos Transportes";"29209";"VALEC Engenharia, Construções e Ferrovias S";"275075";"VALEC ENGENHARIA, CONSTRUCOES E FERROVIAS S.A";"27211";"VALEC-ENGENHARIA,CONSTRUCOES E FERROVIAS S/A";"14139773000168";"EXTREME DIGITAL CONSULTORIA E REPRESENTACOES LTDA";"DLC 3115/2023/SUPTI, SEI 7902030 - PAGAMENTO REFERENTE A CONTRATACAO DE SERVICOS DE TECNOLOGIA DA INFORMACAO E COMUNICACAO - CONTRATO 005/2022 - COMPETENCIA NOVEMBRO/2023 - NFSE 2979 - EXTREME DIGITAL CONSULTORIA E REPRESENTACOES LTDA.";"3";"DESPESAS CORRENTES";"3";"Outras Despesas Correntes";"90";"Aplicações Diretas";"40";"Serviços de Tecnologia da Informação e Com";"0001";"OPERACAO DE TECNOLOGIA DE INFORMACAO";"00";"Sem informação"
"135287222112024NS000142";"2024NS000142";"01/01/2024";"NS";"Nota de Lançamento de Sistema";"49000";"Ministério do Desenvolvimento Agrário e Agr";"22211";"Companhia Nacional de Abastecimento";"135287";"NUCLEO ESTOQUE REGULADOR/PE - PGPM";"22211";"COMPANHIA NACIONAL DE ABASTECIMENTO";"37113778000117";"AUREA LOGISTICA E TRANSPORTE LTDA";"CANCELAMENTO PARA REALIZAR EM 01/02/24";"3";"DESPESAS CORRENTES";"3";"Outras Despesas Correntes";"90";"Aplicações Diretas";"62";"Aquisição de bens para revenda";"0000";"FORMACAO DE ESTOQUES PUBLICOS - AGF";"00";"Sem informação"
"135287222112024NS000140";"2024NS000140";"01/01/2024";"NS";"Nota de Lançamento de Sistema";"49000";"Ministério do Desenvolvimento Agrário e Agr";"22211";"Companhia Nacional de Abastecimento";"135287";"NUCLEO ESTOQUE REGULADOR/PE - PGPM";"22211";"COMPANHIA NACIONAL DE ABASTECIMENTO";"37113778000117";"AUREA LOGISTICA E TRANSPORTE LTDA";"SEI-21449.000018/2024-06?VALOR REGISTRO FRETE TRANSFERENCIA DE MILHO PGPM AGF DA CIDADE SORRISO/MT PARA UA-RECIFE/PE AVISO Nº. 134/2023 LOTE 2.3 NOTA FISCAL Nº. 61111 CONHECIMENTO Nº. 00002467 PARA RECOLHIMENTO DO ICMS COM DESCONTO NO PAGAMENTO DE AUREA LOGISTICA E TRANSPORTE LTDA.";"3";"DESPESAS CORRENTES";"3";"Outras Despesas Correntes";"90";"Aplicações Diretas";"62";"Aquisição de bens para revenda";"0000";"FORMACAO DE ESTOQUES PUBLICOS - AGF";"00";"Sem informação"
"155007264432024NS001161";"2024NS001161";"01/01/2024";"NS";"Nota de Lançamento de Sistema";"26000";"Ministério da Educação";"26443";"Empresa Brasileira de Serviços Hospitalares";"155007";"EMPRESA BRASILEIRA DE SERVICOS HOSPITALARES";"26443";"EMPRESA BRASILEIRA DE SERVICOS HOSPITALARES";"155007";"EMPRESA BRASILEIRA DE SERVICOS HOSPITALARES";"REAPRESENTACAO DA PAGAMENTO DA FOLHA DE SALARIOS DA EBSERH - 12/2023.";"3";"DESPESAS CORRENTES";"1";"Pessoal e Encargos Sociais";"90";"Aplicações Diretas";"11";"Vencimentos e Vantagens Fixas - Pessoal Civil";"0000";"ATIVOS CIVIS DA UNIAO - DESPESAS DIVERSAS";"00";"Sem informação"
"120073000012024NS000124";"2024NS000124";"01/01/2024";"NS";"Nota de Lançamento de Sistema";"52000";"Ministério da Defesa";"52111";"Comando da Aeronáutica";"120073";"BASE AEREA DE FLORIANOPOLIS";"00001";"TESOURO NACIONAL";"22899299000109";"MECATRON TECNOLOGIA E SERVICOS LTDA";"|| APL: BAFL - NF 377 DE 21/12/2023 UG. 120073 BAFL PROCESSO 67272000913202211";"3";"DESPESAS CORRENTES";"3";"Outras Despesas Correntes";"90";"Aplicações Diretas";"39";"Outros Serviços de Terceiros - Pessoa Juríd";"0006";"ALIMENTACAO DE MILITARES ATIVOS EM RANCHO";"00";"Sem informação"
"158134264232024NS000242";"2024NS000242";"01/01/2024";"NS";"Nota de Lançamento de Sistema";"26000";"Ministério da Educação";"26423";"Instituto Federal de Sergipe";"158134";"INST.FED.DE EDUC.,CIENC.E TEC.DE SERGIPE";"26423";"INST.FED.DE EDUC.,CIENC.E TEC.DE SERGIPE";"00000000000191";"BANCO DO BRASIL SA";"RECONHECIMENTO CONTABIL DA DESPESA COM AUXILIO FINANCEIRO PARA OS ALUNOS DO CAMPUS ITABAIANA - AUXILIO PERMANENCIA C - EDITAL 06/2023, REF. A 12/2023. PROCESSO 23462.000878/2023-16. [COMPLEMENTO DO VALOR REGISTRADO A MENOR NA RP 2023RP018300.";"3";"DESPESAS CORRENTES";"3";"Outras Despesas Correntes";"90";"Aplicações Diretas";"18";"Auxílio Financeiro a Estudantes";"0000";"ASSISTENCIA AOS ESTUDANTES DAS INSTITUICOES FEDERAIS DE EDUCACAO PROFISSIONAL E TECNOLOGICA - DESPESAS DIVERSAS";"00";"Sem informação"
"200006000012024NS000005";"2024NS000005";"01/01/2024";"NS";"Nota de Lançamento de Sistema";"30000";"Ministério da Justiça e Segurança Pública";"30000";"Ministério da Justiça e Segurança Pública";"200006";"COORDENACAO-GERAL DE GESTAO DE PESSOAS-CGGP";"00001";"TESOURO NACIONAL";"200006";"COORDENACAO-GERAL DE GESTAO DE PESSOAS-CGGP";"ENCARGOS INSS FOLHA DE PAGAMENTO PESSOAL ATIVO - DEZEMBRO 2023.";"3";"DESPESAS CORRENTES";"1";"Pessoal e Encargos Sociais";"91";"Aplicação Direta Decorrente de Operação entre Órgãos, Fundos e Entidades Integrantes dos Orçamentos Fiscal e da Seguridade Social";"13";"Obrigações Patronais";"0000";"ATIVOS CIVIS DA UNIAO";"00";"Sem informação"
"323031322052024NS000163";"2024NS000163";"01/01/2024";"NS";"Nota de Lançamento de Sistema";"32000";"Ministério de Minas e Energia";"32205";"Agência Nacional do Petróleo, Gás Natural ";"323031";"ESCRITORIO CENTRAL DA ANP";"32205";"AGENCIA NACIONAL DO PETROLEO";"00201182000169";"DISTRIBUIDORA DE AGUAS MINERAIS BH LTDA";"NOTA DE LANCAMENTO GERADA PELO SIADS ATRAVES DE ENTRADA DE MATERIAL DE CONSUMO - IMEDIATO - RAP ENTRADA 31192/1 UG DE ORIGEM 323031.";"3";"DESPESAS CORRENTES";"3";"Outras Despesas Correntes";"90";"Aplicações Diretas";"30";"Material de Consumo";"0004";"MANUTENCAO DOS NUCLEOS REGIONAIS DE FISCALIZACAO";"00";"Sem informação"
"323031322052024NS000162";"2024NS000162";"01/01/2024";"NS";"Nota de Lançamento de Sistema";"32000";"Ministério de Minas e Energia";"32205";"Agência Nacional do Petróleo, Gás Natural ";"323031";"ESCRITORIO CENTRAL DA ANP";"32205";"AGENCIA NACIONAL DO PETROLEO";"00201182000169";"DISTRIBUIDORA DE AGUAS MINERAIS BH LTDA";"NOTA DE LANCAMENTO GERADA PELO SIADS ATRAVES DE ENTRADA DE MATERIAL DE CONSUMO - IMEDIATO - RAP ENTRADA 31034/1 UG DE ORIGEM 323031.";"3";"DESPESAS CORRENTES";"3";"Outras Despesas Correntes";"90";"Aplicações Diretas";"30";"Material de Consumo";"0004";"MANUTENCAO DOS NUCLEOS REGIONAIS DE FISCALIZACAO";"00";"Sem informação"
"200386000012024NS000732";"2024NS000732";"01/01/2024";"NS";"Nota de Lançamento de Sistema";"30000";"Ministério da Justiça e Segurança Pública";"30108";"Polícia Federal";"200386";"SUPERINTENDENCIA REGIONAL NO ESTADO DO PA";"00001";"TESOURO NACIONAL";"05340639000130";"PRIME CONSULTORIA E ASSESSORIA EMPRESARIAL LTDA";"PARA PAGAMENTO DA NF-E 1991637 PRIME CONSULT. E ASS. EMPRESARIAL LTDA, REFERENTE A MANUTENCAO DE EMBARCACOES COM FORNECIMENTO DE PECAS, DO GEPOM/SR/PF/PA, NO MES DE DEZ/2023, CONTRATO 06/2021, SEI 08360.000188/2024-94";"3";"DESPESAS CORRENTES";"3";"Outras Despesas Correntes";"90";"Aplicações Diretas";"MU";"Múltiplo";"0002";"PREVENCAO E REPRESSAO A CRIMES PRATICADOS CONTRA BENS, SERVICOS E INTERESSES DA UNIAO - EIXO POLICIA JUDICIARIA";"00";"Sem informação"
"158497264142024NS000294";"2024NS000294";"01/01/2024";"NS";"Nota de Lançamento de Sistema";"26000";"Ministério da Educação";"26414";"Instituto Federal do Mato Grosso";"158497";"INST.FED.MATO GROSSO/CAMPUS BARRA DO GARCAS";"26414";"INST.FED.DE EDUC.,CIENC.E TEC.DO MATO GROSSO";"29567496000161";"A. PEREIRA LEITE MATERIAIS PARA CONSTRUCAO";"NOTA DE LANCAMENTO GERADA PELO SIADS ATRAVES DE ENTRADA DE MATERIAL DE CONSUMO - COMPRA ENTRADA 5572/0 UG DE ORIGEM 158497.";"3";"DESPESAS CORRENTES";"3";"Outras Despesas Correntes";"90";"Aplicações Diretas";"30";"Material de Consumo";"0000";"FUNCIONAMENTO DAS INSTITUICOES DA REDE FEDERAL DE EDUCACAO PROFISSIONAL, CIENTIFICA E TECNOLOGICA - DESPESAS DIVERSAS";"00";"Sem informação"
"158523264292024NS000092";"2024NS000092";"01/01/2024";"NS";"Nota de Lançamento de Sistema";"26000";"Ministério da Educação";"26429";"Instituto Federal de Educação, Ciência e T";"158523";"INST.FED.DE GOIAS/CAMPUS FORMOSA";"26429";"INST.FED.DE EDUC.,CIENC.E TEC.DE GOIAS";"27704075000100";"PROFORCE TERCEIRIZACOES E SERVICOS LTDA";"PAGAMENTO NFS-E 1113 - COMPETENCIA DEZEMBRO/2023 - CONTRATO 08/2022 - VIGENCIA 10/12/2022 A 10/12/2023 - PROCESSO 23378.000009/2024-13";"3";"DESPESAS CORRENTES";"3";"Outras Despesas Correntes";"90";"Aplicações Diretas";"37";"Locação de Mão-de-Obra";"0000";"FUNCIONAMENTO DAS INSTITUICOES DA REDE FEDERAL DE EDUCACAO PROFISSIONAL, CIENTIFICA E TECNOLOGICA";"00";"Sem informação"
"158523264292024NS000090";"2024NS000090";"01/01/2024";"NS";"Nota de Lançamento de Sistema";"26000";"Ministério da Educação";"26429";"Instituto Federal de Educação, Ciência e T";"158523";"INST.FED.DE GOIAS/CAMPUS FORMOSA";"26429";"INST.FED.DE EDUC.,CIENC.E TEC.DE GOIAS";"27704075000100";"PROFORCE TERCEIRIZACOES E SERVICOS LTDA";"PAGAMENTO NFS-E 1113 - COMPETENCIA DEZEMBRO/2023 - CONTRATO 08/2022 - VIGENCIA 10/12/2022 A 10/12/2023 - PROCESSO 23378.000009/2024-13";"3";"DESPESAS CORRENTES";"3";"Outras Despesas Correntes";"90";"Aplicações Diretas";"37";"Locação de Mão-de-Obra";"0000";"FUNCIONAMENTO DAS INSTITUICOES DA REDE FEDERAL DE EDUCACAO PROFISSIONAL, CIENTIFICA E TECNOLOGICA";"00";"Sem informação"
"158523264292024NS000067";"2024NS000067";"01/01/2024";"NS";"Nota de Lançamento de Sistema";"26000";"Ministério da Educação";"26429";"Instituto Federal de Educação, Ciência e T";"158523";"INST.FED.DE GOIAS/CAMPUS FORMOSA";"26429";"INST.FED.DE EDUC.,CIENC.E TEC.DE GOIAS";"33519068000130";"AVOIP TELECOM LTDA";"PAGAMENTO NFS-E 0249 - COMPETENCIA OUTUBRO/2023 - CONTRATO 08/2023 - VIGENCIA 09/02/2023 A 09/02/2024 - PROCESSO 23378.001053/2023-60";"3";"DESPESAS CORRENTES";"3";"Outras Despesas Correntes";"90";"Aplicações Diretas";"39";"Outros Serviços de Terceiros - Pessoa Juríd";"0000";"FUNCIONAMENTO DAS INSTITUICOES DA REDE FEDERAL DE EDUCACAO PROFISSIONAL, CIENTIFICA E TECNOLOGICA";"00";"Sem informação"
"158523264292024NS000084";"2024NS000084";"01/01/2024";"NS";"Nota de Lançamento de Sistema";"26000";"Ministério da Educação";"26429";"Instituto Federal de Educação, Ciência e T";"158523";"INST.FED.DE GOIAS/CAMPUS FORMOSA";"26429";"INST.FED.DE EDUC.,CIENC.E TEC.DE GOIAS";"02282727000215";"ZEPIM SEGURANCA E VIGILANCIA LTDA";"PAGAMENTO NFS-E 0648 - COMPETENCIA DEZEMBRO/2023 - CONTRATO 01/2020 - VIGENCIA 02/01/2022 A 02/01/2023 - PROCESSO 23378.000007/2024-24";"3";"DESPESAS CORRENTES";"3";"Outras Despesas Correntes";"90";"Aplicações Diretas";"37";"Locação de Mão-de-Obra";"0000";"FUNCIONAMENTO DAS INSTITUICOES DA REDE FEDERAL DE EDUCACAO PROFISSIONAL, CIENTIFICA E TECNOLOGICA";"00";"Sem informação"
"158523264292024NS000078";"2024NS000078";"01/01/2024";"NS";"Nota de Lançamento de Sistema";"26000";"Ministério da Educação";"26429";"Instituto Federal de Educação, Ciência e T";"158523";"INST.FED.DE GOIAS/CAMPUS FORMOSA";"26429";"INST.FED.DE EDUC.,CIENC.E TEC.DE GOIAS";"26665245000121";"TYL SERVICOS DE LIMPEZA E ADMINISTRATIVO LTDA";"PAGAMENTO NFS-E 0158 - COMPETENCIA DEZEMBRO/2023 - CONTRATO 42/2023 - VIGENCIA 30/05/2023 A 30/05/2024 - PROCESSO 23378.000006/2024-80";"3";"DESPESAS CORRENTES";"3";"Outras Despesas Correntes";"90";"Aplicações Diretas";"37";"Locação de Mão-de-Obra";"0000";"FUNCIONAMENTO DAS INSTITUICOES DA REDE FEDERAL DE EDUCACAO PROFISSIONAL, CIENTIFICA E TECNOLOGICA";"00";"Sem informação"
"158523264292024NS000076";"2024NS000076";"01/01/2024";"NS";"Nota de Lançamento de Sistema";"26000";"Ministério da Educação";"26429";"Instituto Federal de Educação, Ciência e T";"158523";"INST.FED.DE GOIAS/CAMPUS FORMOSA";"26429";"INST.FED.DE EDUC.,CIENC.E TEC.DE GOIAS";"26665245000121";"TYL SERVICOS DE LIMPEZA E ADMINISTRATIVO LTDA";"PAGAMENTO NFS-E 0157 - COMPETENCIA DEZEMBRO/2023 - CONTRATO 42/2023 - VIGENCIA 30/05/2023 A 30/05/2024 - PROCESSO 23378.000006/2024-80";"3";"DESPESAS CORRENTES";"3";"Outras Despesas Correntes";"90";"Aplicações Diretas";"37";"Locação de Mão-de-Obra";"0000";"FUNCIONAMENTO DAS INSTITUICOES DA REDE FEDERAL DE EDUCACAO PROFISSIONAL, CIENTIFICA E TECNOLOGICA";"00";"Sem informação"
"158523264292024NS000075";"2024NS000075";"01/01/2024";"NS";"Nota de Lançamento de Sistema";"26000";"Ministério da Educação";"26429";"Instituto Federal de Educação, Ciência e T";"158523";"INST.FED.DE GOIAS/CAMPUS FORMOSA";"26429";"INST.FED.DE EDUC.,CIENC.E TEC.DE GOIAS";"26665245000121";"TYL SERVICOS DE LIMPEZA E ADMINISTRATIVO LTDA";"PAGAMENTO NFS-E 0156 - COMPETENCIA DEZEMBRO/2023 - CONTRATO 42/2023 - VIGENCIA VIGENCIA 30/05/2023 A 30/05/2024 - PROCESSO 23378.000006/2024-80";"3";"DESPESAS CORRENTES";"3";"Outras Despesas Correntes";"90";"Aplicações Diretas";"37";"Locação de Mão-de-Obra";"0000";"FUNCIONAMENTO DAS INSTITUICOES DA REDE FEDERAL DE EDUCACAO PROFISSIONAL, CIENTIFICA E TECNOLOGICA";"00";"Sem informação"
"158636264212024NS000132";"2024NS000132";"01/01/2024";"NS";"Nota de Lançamento de Sistema";"26000";"Ministério da Educação";"26421";"Instituto Federal de Rondônia";"158636";"INST.FED.RONDONIA/CAMPUS JARU";"26421";"INST.FED.DE EDUC.,CIENC.E TEC.DE RONDONIA";"03761180000112";"SHEKINAH CONSTRUCOES E SERVICOS LTDA";"LIQUIDACAO REFERENTE A CONTRATACAO DE EMPRESA ESPECIALIZADA, PARA FORNECIMENTO DE MATERIAL E MAO DE OBRA DESTINADOS A CONSTRUCAO DE BLOCO PEDAGOGICO - IFRO/CAMPUS JARU. CONFORME NF 1770 - 19ª MEDICAO (SEI Nº 2174752), NF 1771 - 2ª MED ICAO | 2º TA (SEI Nº 2174756), ATESTE (SEI Nº 174769),SOLICITACAO DE PAGAMENTO(SEI Nº 2174859),RETENCAO DE NOTA FISCAL/FATURA RETENCAO NFS 1770/1771 (SEINº 2177148) E AUTORIZACAO DE PAGAMENTO JARU - CGAB (SEI Nº 2178237).";"4";"DESPESAS DE CAPITAL";"4";"Investimentos";"90";"Aplicações Diretas";"51";"Obras e Instalações";"EBRO";"DOTACOES CLASSIFICADAS COM RP 2, INCLUIDAS OU ACRESCIDAS POR EMENDAS DE BANCADA ESTADUAL DO ESTADO DE RONDONIA, EM OBSERVANCIA AO DISPOSTO NO INCISO I DO ? 7. DO ART. 4. DA LOA-2023";"00";"Sem informação"
"154043152602024NS000023";"2024NS000023";"01/01/2024";"NS";"Nota de Lançamento de Sistema";"26000";"Ministério da Educação";"26274";"Fundação Universidade Federal de Uberlândi";"154043";"FUNDACAO UNIVERSIDADE FEDERAL DE UBERLANDIA";"15260";"FUNDACAO UNIVERSIDADE FEDERAL DE UBERLANDIA";"04880181000149";"AWKALAB PRODUTOS PARA LABORATORIO LTDA";"NOTA DE LANCAMENTO GERADA PELO SIADS ATRAVES DE ENTRADA DE MATERIAL DE CONSUMO - IMEDIATO - RAP ENTRADA 2236/1 UG DE ORIGEM 154043.";"3";"DESPESAS CORRENTES";"3";"Outras Despesas Correntes";"90";"Aplicações Diretas";"30";"Material de Consumo";"0000";"FUNCIONAMENTO DE INSTITUICOES FEDERAIS DE ENSINO SUPERIOR - DESPESAS DIVERSAS";"00";"Sem informação"
"154043152602024NS000024";"2024NS000024";"01/01/2024";"NS";"Nota de Lançamento de Sistema";"26000";"Ministério da Educação";"26274";"Fundação Universidade Federal de Uberlândi";"154043";"FUNDACAO UNIVERSIDADE FEDERAL DE UBERLANDIA";"15260";"FUNDACAO UNIVERSIDADE FEDERAL DE UBERLANDIA";"22618770000135";"ATENA REFRIGERACAO LTDA";"NOTA DE LANCAMENTO GERADA PELO SIADS ATRAVES DE ENTRADA DE MATERIAL DE CONSUMO - IMEDIATO - RAP ENTRADA 174/1 UG DE ORIGEM 154043.";"3";"DESPESAS CORRENTES";"3";"Outras Despesas Correntes";"90";"Aplicações Diretas";"30";"Material de Consumo";"0000";"FUNCIONAMENTO DE INSTITUICOES FEDERAIS DE ENSINO SUPERIOR - DESPESAS DIVERSAS";"00";"Sem informação"
"154043152602024NS000021";"2024NS000021";"01/01/2024";"NS";"Nota de Lançamento de Sistema";"26000";"Ministério da Educação";"26274";"Fundação Universidade Federal de Uberlândi";"154043";"FUNDACAO UNIVERSIDADE FEDERAL DE UBERLANDIA";"15260";"FUNDACAO UNIVERSIDADE FEDERAL DE UBERLANDIA";"35257760000163";"LAB VISION - COMERCIO DE PRODUTOS LABORATORIAIS LTDA";"NOTA DE LANCAMENTO GERADA PELO SIADS ATRAVES DE ENTRADA DE MATERIAL DE CONSUMO - IMEDIATO - RAP ENTRADA 2644/1 UG DE ORIGEM 154043.";"3";"DESPESAS CORRENTES";"3";"Outras Despesas Correntes";"90";"Aplicações Diretas";"30";"Material de Consumo";"0000";"FUNCIONAMENTO DE INSTITUICOES FEDERAIS DE ENSINO SUPERIOR - DESPESAS DIVERSAS";"00";"Sem informação"
"154043152602024NS000026";"2024NS000026";"01/01/2024";"NS";"Nota de Lançamento de Sistema";"26000";"Ministério da Educação";"26274";"Fundação Universidade Federal de Uberlândi";"154043";"FUNDACAO UNIVERSIDADE FEDERAL DE UBERLANDIA";"15260";"FUNDACAO UNIVERSIDADE FEDERAL DE UBERLANDIA";"23015239000130";"SAO BERNARDO COMERCIO DE PRODUTOS PARA SAUDE LTDA";"NOTA DE LANCAMENTO GERADA PELO SIADS ATRAVES DE ENTRADA DE MATERIAL DE CONSUMO - IMEDIATO - RAP ENTRADA 13276/1 UG DE ORIGEM 154043.";"3";"DESPESAS CORRENTES";"3";"Outras Despesas Correntes";"90";"Aplicações Diretas";"30";"Material de Consumo";"0000";"FUNCIONAMENTO DE INSTITUICOES FEDERAIS DE ENSINO SUPERIOR - DESPESAS DIVERSAS";"00";"Sem informação"
"154043152602024NS000020";"2024NS000020";"01/01/2024";"NS";"Nota de Lançamento de Sistema";"26000";"Ministério da Educação";"26274";"Fundação Universidade Federal de Uberlândi";"154043";"FUNDACAO UNIVERSIDADE FEDERAL DE UBERLANDIA";"15260";"FUNDACAO UNIVERSIDADE FEDERAL DE UBERLANDIA";"48080508000173";"GLOBAL COMERCIAL LTDA";"NOTA DE LANCAMENTO GERADA PELO SIADS ATRAVES DE ENTRADA DE MATERIAL DE CONSUMO - IMEDIATO - RAP ENTRADA 191/1 UG DE ORIGEM 154043.";"3";"DESPESAS CORRENTES";"3";"Outras Despesas Correntes";"90";"Aplicações Diretas";"30";"Material de Consumo";"0000";"FUNCIONAMENTO DE INSTITUICOES FEDERAIS DE ENSINO SUPERIOR - DESPESAS DIVERSAS";"00";"Sem informação"
"154043152602024NS000025";"2024NS000025";"01/01/2024";"NS";"Nota de Lançamento de Sistema";"26000";"Ministério da Educação";"26274";"Fundação Universidade Federal de Uberlândi";"154043";"FUNDACAO UNIVERSIDADE FEDERAL DE UBERLANDIA";"15260";"FUNDACAO UNIVERSIDADE FEDERAL DE UBERLANDIA";"71443667000107";"ORBITAL PRODUTOS PARA LABORATORIOS LTDA";"NOTA DE LANCAMENTO GERADA PELO SIADS ATRAVES DE ENTRADA DE MATERIAL DE CONSUMO - IMEDIATO - RAP ENTRADA 9373/1 UG DE ORIGEM 154043.";"3";"DESPESAS CORRENTES";"3";"Outras Despesas Correntes";"90";"Aplicações Diretas";"30";"Material de Consumo";"0000";"FUNCIONAMENTO DE INSTITUICOES FEDERAIS DE ENSINO SUPERIOR - DESPESAS DIVERSAS";"00";"Sem informação"
"275060272082024NS000725";"2024NS000725";"01/01/2024";"NS";"Nota de Lançamento de Sistema";"56000";"Ministério das Cidades";"29205";"Empresa de Trens Urbanos de Porto Alegre";"275060";"EMPRESA DE TRENS URBANOS DE PORTO ALEGRE S/A";"27208";"EMPRESA DE TRENS URBANOS DE PORTO ALEGRE S/A";"04214187000187";"METALFRESA INDUSTRIA METALURGICA LTDA";"NF 21016 - METALFRESA INDUSTRIA METALURGICA LTDA?OC: 48333";"3";"DESPESAS CORRENTES";"3";"Outras Despesas Correntes";"90";"Aplicações Diretas";"30";"Material de Consumo";"0000";"FUNCIONAMENTO DOS SISTEMAS DE TRANSPORTE FERROVIARIO URBANO DE PASSAGEIROS - DESPESAS DIVERSAS";"00";"Sem informação"
"158143264282024NS001343";"2024NS001343";"01/01/2024";"NS";"Nota de Lançamento de Sistema";"26000";"Ministério da Educação";"26428";"Instituto Federal de Brasília";"158143";"IFB - REITORIA - BRASILIA-DF";"26428";"INST.FED.DE EDUC.,CIENC.E TEC.DE BRASILIA";"29391476000182";"HMA COMERCIO E ATACADISTA DE PRODUTOS DE INFORMATICA E";"NOTA DE LANCAMENTO GERADA PELO SIADS ATRAVES DE ENTRADA DE MATERIAL DE CONSUMO POR COMPRA ? RAP ENTRADA 1357/1 UG DE ORIGEM 158143.";"3";"DESPESAS CORRENTES";"3";"Outras Despesas Correntes";"90";"Aplicações Diretas";"30";"Material de Consumo";"0000";"FUNCIONAMENTO DAS INSTITUICOES DA REDE FEDERAL DE EDUCACAO PROFISSIONAL, CIENTIFICA E TECNOLOGICA - DESPESAS DIVERSAS";"00";"Sem informação"
"250025000012024NS000037";"2024NS000037";"01/01/2024";"NS";"Nota de Lançamento de Sistema";"36000";"Ministério da Saúde";"36000";"Ministério da Saúde - Unidades com vínculo";"250025";"SUPERINTENDENCIA ESTADUAL DO MS/MG";"00001";"TESOURO NACIONAL";"05586809000160";"E. A. LIMA PAES E DOCES LTDA";"NOTA DE LANCAMENTO GERADA PELO SIADS ATRAVES DE ENTRADA DE MATERIAL DE CONSUMO - IMEDIATO - RAP ENTRADA 677/1 UG DE ORIGEM 250025.";"3";"DESPESAS CORRENTES";"3";"Outras Despesas Correntes";"90";"Aplicações Diretas";"30";"Material de Consumo";"0006";"MANUTENCAO ADMINISTRATIVA - NUCLEOS ESTADUAIS";"00";"Sem informação"
"250025000012024NS000036";"2024NS000036";"01/01/2024";"NS";"Nota de Lançamento de Sistema";"36000";"Ministério da Saúde";"36000";"Ministério da Saúde - Unidades com vínculo";"250025";"SUPERINTENDENCIA ESTADUAL DO MS/MG";"00001";"TESOURO NACIONAL";"05586809000160";"E. A. LIMA PAES E DOCES LTDA";"NOTA DE LANCAMENTO GERADA PELO SIADS ATRAVES DE ENTRADA DE MATERIAL DE CONSUMO - IMEDIATO - RAP ENTRADA 682/1 UG DE ORIGEM 250025.";"3";"DESPESAS CORRENTES";"3";"Outras Despesas Correntes";"90";"Aplicações Diretas";"30";"Material de Consumo";"0006";"MANUTENCAO ADMINISTRATIVA - NUCLEOS ESTADUAIS";"00";"Sem informação"
"712000000012024NS000029";"2024NS000029";"01/01/2024";"NS";"Nota de Lançamento de Sistema";"52000";"Ministério da Defesa";"52131";"Comando da Marinha";"712000";"SECRETARIA DA COMISSAO INTERMINIST.P/REC.MAR";"00001";"TESOURO NACIONAL";"28961147000167";"SOLUTION GROUP CURSOS E TREINAMENTOS LTDA";"LIQUIDACAO DE APARELHOS E UTENSILIOS DOMESTICO.";"4";"DESPESAS DE CAPITAL";"4";"Investimentos";"90";"Aplicações Diretas";"52";"Equipamentos e Material Permanente";"0001";"MANUTENCAO GERAL";"00";"Sem informação"
"154043152602024NS000027";"2024NS000027";"01/01/2024";"NS";"Nota de Lançamento de Sistema";"26000";"Ministério da Educação";"26274";"Fundação Universidade Federal de Uberlândi";"154043";"FUNDACAO UNIVERSIDADE FEDERAL DE UBERLANDIA";"15260";"FUNDACAO UNIVERSIDADE FEDERAL DE UBERLANDIA";"48891094000162";"COMERCIAL UBERLANDIA LTDA";"NOTA DE LANCAMENTO GERADA PELO SIADS ATRAVES DE ENTRADA DE MATERIAL DE CONSUMO - IMEDIATO - RAP ENTRADA 2311/1 UG DE ORIGEM 154043.";"3";"DESPESAS CORRENTES";"3";"Outras Despesas Correntes";"90";"Aplicações Diretas";"30";"Material de Consumo";"0000";"FUNCIONAMENTO DAS INSTITUICOES FEDERAIS DE EDUCACAO BASICA - DESPESAS DIVERSAS";"00";"Sem informação"
"120073000012024NS000075";"2024NS000075";"01/01/2024";"NS";"Nota de Lançamento de Sistema";"52000";"Ministério da Defesa";"52111";"Comando da Aeronáutica";"120073";"BASE AEREA DE FLORIANOPOLIS";"00001";"TESOURO NACIONAL";"17405971000114";"TJ SOLUCOES INTELIGENTES LTDA";"APL: BAFL - NF 727 DE 09/10/2023 UG. 120073 BAFL PROCESSO 67272006789202205";"3";"DESPESAS CORRENTES";"3";"Outras Despesas Correntes";"90";"Aplicações Diretas";"39";"Outros Serviços de Terceiros - Pessoa Juríd";"0006";"ALIMENTACAO DE MILITARES ATIVOS EM RANCHO";"00";"Sem informação"
"120073000012024NS000078";"2024NS000078";"01/01/2024";"NS";"Nota de Lançamento de Sistema";"52000";"Ministério da Defesa";"52111";"Comando da Aeronáutica";"120073";"BASE AEREA DE FLORIANOPOLIS";"00001";"TESOURO NACIONAL";"17405971000114";"TJ SOLUCOES INTELIGENTES LTDA";"NF 727 SERA LIQUIDADA MANUALMENTE";"3";"DESPESAS CORRENTES";"3";"Outras Despesas Correntes";"90";"Aplicações Diretas";"39";"Outros Serviços de Terceiros - Pessoa Juríd";"0006";"ALIMENTACAO DE MILITARES ATIVOS EM RANCHO";"00";"Sem informação"
"257021000012024NS000146";"2024NS000146";"01/01/2024";"NS";"Nota de Lançamento de Sistema";"36000";"Ministério da Saúde";"36000";"Ministério da Saúde - Unidades com vínculo";"257021";"DISTRITO SANIT.ESP.INDIGENA - ALTO RIO JURUA";"00001";"TESOURO NACIONAL";"19004629000138";"AMS COMERCIO E SERVICOS LTDA";"NOTA DE LANCAMENTO GERADA PELO SIADS ATRAVES DE ENTRADA DE MATERIAL DE CONSUMO POR COMPRA ? RAP ENTRADA 711/1 UG DE ORIGEM 257021.";"3";"DESPESAS CORRENTES";"3";"Outras Despesas Correntes";"90";"Aplicações Diretas";"30";"Material de Consumo";"0000";"SANEAMENTO BASICO EM ALDEIAS INDIGENAS PARA PREVENCAO DE DOENCAS E AGRAVOS - DESPESAS DIVERSAS";"00";"Sem informação"
"257021000012024NS000142";"2024NS000142";"01/01/2024";"NS";"Nota de Lançamento de Sistema";"36000";"Ministério da Saúde";"36000";"Ministério da Saúde - Unidades com vínculo";"257021";"DISTRITO SANIT.ESP.INDIGENA - ALTO RIO JURUA";"00001";"TESOURO NACIONAL";"19004629000138";"AMS COMERCIO E SERVICOS LTDA";"NOTA DE LANCAMENTO GERADA PELO SIADS ATRAVES DE ENTRADA DE MATERIAL DE CONSUMO POR COMPRA ? RAP ENTRADA 711/1 UG DE ORIGEM 257021.";"3";"DESPESAS CORRENTES";"3";"Outras Despesas Correntes";"90";"Aplicações Diretas";"30";"Material de Consumo";"0000";"SANEAMENTO BASICO EM ALDEIAS INDIGENAS PARA PREVENCAO DE DOENCAS E AGRAVOS - DESPESAS DIVERSAS";"00";"Sem informação"
"257021000012024NS000139";"2024NS000139";"01/01/2024";"NS";"Nota de Lançamento de Sistema";"36000";"Ministério da Saúde";"36000";"Ministério da Saúde - Unidades com vínculo";"257021";"DISTRITO SANIT.ESP.INDIGENA - ALTO RIO JURUA";"00001";"TESOURO NACIONAL";"09138326000154";"PABLO LUIS MARTINS";"NOTA DE LANCAMENTO GERADA PELO SIADS ATRAVES DE ENTRADA DE MATERIAL DE CONSUMO POR COMPRA ? RAP ENTRADA 386/1 UG DE ORIGEM 257021.";"3";"DESPESAS CORRENTES";"3";"Outras Despesas Correntes";"90";"Aplicações Diretas";"30";"Material de Consumo";"0000";"SANEAMENTO BASICO EM ALDEIAS INDIGENAS PARA PREVENCAO DE DOENCAS E AGRAVOS - DESPESAS DIVERSAS";"00";"Sem informação"
"195006112012024NS000274";"2024NS000274";"01/01/2024";"NS";"Nota de Lançamento de Sistema";"53000";"Ministério da Integração e do Desenvolvime";"22203";"Companhia de Desenvolvimento dos Vales do Sã";"195006";"CIA DE DES.DOS VALES DO S.FRANC.E DO PARNAIBA";"11201";"CIA DE DESENV DOS VALES DO S.FRANC.E PARNAIBA";"25217427000177";"CONNECTX INFRAESTRUTURA DE TELECOMUNICACOES LTDA";"APROPRIACAO DA DESPESA COM A PRESTACAO DE SERVICOS DE CIRCUITO DEDICADO DE INTERNET COM VELOCIDADE SINCRONA DE 500MBPS (DOWNLOAD E UPLOAD), GERENCIAMENTO PROATIVO E ANTI-DDOS, PARA ADMNISTRACAO CENTRAL DA CODEVASF, NO MES DE DEZEMBRO/2023, CONF. NOTA FISCAL DE COMUNICACAO Nº 7.667/2023, EM NOME DA CONNECTX INFRAESTRUTURA DE TELECOMUNICACOES LTDA, CT. 0.0061.00/2023, PROCESSO 59500.000096/2024-01.";"3";"DESPESAS CORRENTES";"3";"Outras Despesas Correntes";"90";"Aplicações Diretas";"40";"Serviços de Tecnologia da Informação e Com";"0005";"TECNOLOGIA DA INFORMACAO E MODERNIZACAO DA GESTAO ORGANIZACIONAL";"00";"Sem informação"
"275075272112024NS000587";"2024NS000587";"01/01/2024";"NS";"Nota de Lançamento de Sistema";"39000";"Ministério dos Transportes";"29209";"VALEC Engenharia, Construções e Ferrovias S";"275075";"VALEC ENGENHARIA, CONSTRUCOES E FERROVIAS S.A";"27211";"VALEC-ENGENHARIA,CONSTRUCOES E FERROVIAS S/A";"27553286000199";"INFRA JORNALISMO LTDA";"DLC 96/2023/ASCOM, SEI 7962297 - PAGAMENTO REFERENTE AO FORNECIMENTO DE DIARIOS DE NOTICIOSOS, ANALISES, PUSHS EXCLUSIVOS E CLIPPING SETORIAL NA AREA DE INFRAESTRUTURA DE TRANSPORTES - COMPETENCIA JANEIRO/2023 - NOTA FISCAL 1604 - CONTRATO 008/2019 - INFRA JORNALISMO LTDA.";"3";"DESPESAS CORRENTES";"3";"Outras Despesas Correntes";"90";"Aplicações Diretas";"39";"Outros Serviços de Terceiros - Pessoa Juríd";"0004";"ADMINISTRACAO SEDE";"00";"Sem informação"
"275075272112024NS000327";"2024NS000327";"01/01/2024";"NS";"Nota de Lançamento de Sistema";"39000";"Ministério dos Transportes";"29209";"VALEC Engenharia, Construções e Ferrovias S";"275075";"VALEC ENGENHARIA, CONSTRUCOES E FERROVIAS S.A";"27211";"VALEC-ENGENHARIA,CONSTRUCOES E FERROVIAS S/A";"06064175000149";"AIRES TURISMO LTDA";"DLC 08/2023/SUADM, SEI 7914816 - PRESTACAO DE SERVICOS DE AGENCIAMENTO DE VIAGENS, COMPREENDENDO A EMISSAO, A REMARCACAO E O CANCELAMENTO DE PASSAGENS AEREAS NACIONAIS E INTERNACIONAIS E EMISSAO DE APOLICES DE SEGURO VIAGEM INTERNACIONAL - CONT. 022/23 - COMP. SETEMBRO/23 - FAT. 226669 - AIRES TURISMO LTDA.";"3";"DESPESAS CORRENTES";"3";"Outras Despesas Correntes";"90";"Aplicações Diretas";"33";"Passagens e Despesas com Locomoção";"0004";"ADMINISTRACAO SEDE";"00";"Sem informação"
"275075272112024NS000246";"2024NS000246";"01/01/2024";"NS";"Nota de Lançamento de Sistema";"39000";"Ministério dos Transportes";"29209";"VALEC Engenharia, Construções e Ferrovias S";"275075";"VALEC ENGENHARIA, CONSTRUCOES E FERROVIAS S.A";"27211";"VALEC-ENGENHARIA,CONSTRUCOES E FERROVIAS S/A";"13504675000110";"EMPRESA BAIANA DE AGUAS E SANEAMENTO SA";"DLC 86/2024/SUADM, SEI 7957229 - PAGAMENTO DE ABASTECIMENTO DE AGUA E ESGOTAMENTO SANITARIO NO CANTEIRO ADMINISTRATIVO DO LOTE 5F EM GUANAMBI/BA - COMPETENCIA JANEIRO/2024 - MATRICULA 84452684 - FATURA SEI 7951051 - EMPRESA BAIANA DE AGUAS E SANEAMENTO S/A - EMBASA.";"3";"DESPESAS CORRENTES";"3";"Outras Despesas Correntes";"90";"Aplicações Diretas";"39";"Outros Serviços de Terceiros - Pessoa Juríd";"0004";"ADMINISTRACAO SEDE";"00";"Sem informação"
"275075272112024NS000147";"2024NS000147";"01/01/2024";"NS";"Nota de Lançamento de Sistema";"39000";"Ministério dos Transportes";"29209";"VALEC Engenharia, Construções e Ferrovias S";"275075";"VALEC ENGENHARIA, CONSTRUCOES E FERROVIAS S.A";"27211";"VALEC-ENGENHARIA,CONSTRUCOES E FERROVIAS S/A";"13504675000110";"EMPRESA BAIANA DE AGUAS E SANEAMENTO SA";"DLC 65/2024/SUADM, SEI 7945464 - PAGAMENTO DE ABASTECIMENTO DE AGUA E ESGOTAMENTO SANITARIO NO CANTEIRO ADMINISTRATIVO DO LOTE 5F EM GUANAMBI/BA - COMPETENCIA JANEIRO/2024 - MATRICULA 84452684 - FATURA SEI 7927913 - EMPRESA BAIANA DE AGUAS E SANEAMENTO S/A - EMBASA.";"3";"DESPESAS CORRENTES";"3";"Outras Despesas Correntes";"90";"Aplicações Diretas";"39";"Outros Serviços de Terceiros - Pessoa Juríd";"0004";"ADMINISTRACAO SEDE";"00";"Sem informação"
"156660264022024NS000003";"2024NS000003";"01/01/2024";"NS";"Nota de Lançamento de Sistema";"26000";"Ministério da Educação";"26402";"Instituto Federal de Alagoas";"156660";"INST.FED.DE ALAGOAS/CAMPUS BATALHA";"26402";"INST.FED.DE EDUC.,CIENC.E TEC.DE ALAGOAS";"10706335000183";"ASSOCIACAO DOS PRODUTORES EM AGROECOLOGIA DO MUNICIPIO";"LIQUIDACAO DO DANFE 1.611 DE 13DEZ23 REF. AQUISICAO DE GENERO ALIMENTICIO PARA DISTRIB. GRATUITA PARA ALUNOS DO CAMPUS BATALHA, COM RECURSOS DO PNAE, CONF. PROC.: 23041.050508/2023-72. CONTRATO 09/2023, EMPENHO: 2023NE000145.";"3";"DESPESAS CORRENTES";"3";"Outras Despesas Correntes";"90";"Aplicações Diretas";"32";"Material, Bem ou Serviço para Distribuição";"0000";"APOIO A ALIMENTACAO ESCOLAR NA EDUCACAO BASICA (PNAE) - DESPESAS DIVERSAS";"00";"Sem informação"
"156660264022024NS000005";"2024NS000005";"01/01/2024";"NS";"Nota de Lançamento de Sistema";"26000";"Ministério da Educação";"26402";"Instituto Federal de Alagoas";"156660";"INST.FED.DE ALAGOAS/CAMPUS BATALHA";"26402";"INST.FED.DE EDUC.,CIENC.E TEC.DE ALAGOAS";"11225444000141";"COOPERATIVA AGROPECUARIA DE PRODUTORES DE LEITE FAMILIA";"LIQUIDACAO DO DANFE 3.712 DE 07DEZ23 REF. AQUISICAO DE GENERO ALIMENTICIO PARA DISTRIB. GRATUITA PARA ALUNOS DO CAMPUS BATALHA, COM RECURSOS DO PNAE, CONF. PROC.: 23041.050465/2023-25. CONTRATO 07/2023, EMPENHO: 2023NE000146.";"3";"DESPESAS CORRENTES";"3";"Outras Despesas Correntes";"90";"Aplicações Diretas";"32";"Material, Bem ou Serviço para Distribuição";"0000";"APOIO A ALIMENTACAO ESCOLAR NA EDUCACAO BASICA (PNAE) - DESPESAS DIVERSAS";"00";"Sem informação"
"156660264022024NS000004";"2024NS000004";"01/01/2024";"NS";"Nota de Lançamento de Sistema";"26000";"Ministério da Educação";"26402";"Instituto Federal de Alagoas";"156660";"INST.FED.DE ALAGOAS/CAMPUS BATALHA";"26402";"INST.FED.DE EDUC.,CIENC.E TEC.DE ALAGOAS";"11225444000141";"COOPERATIVA AGROPECUARIA DE PRODUTORES DE LEITE FAMILIA";"LIQUIDACAO DO DANFE 3.689 DE 08NOV23 REF. AQUISICAO DE GENERO ALIMENTICIO PARA DISTRIB. GRATUITA PARA ALUNOS DO CAMPUS BATALHA, COM RECURSOS DO PNAE, CONF. PROC.: 23041.050529/2023-98. CONTRATO 07/2023, EMPENHO: 2023NE000146.";"3";"DESPESAS CORRENTES";"3";"Outras Despesas Correntes";"90";"Aplicações Diretas";"32";"Material, Bem ou Serviço para Distribuição";"0000";"APOIO A ALIMENTACAO ESCOLAR NA EDUCACAO BASICA (PNAE) - DESPESAS DIVERSAS";"00";"Sem informação"
"390084392522024NS000071";"2024NS000071";"01/01/2024";"NS";"Nota de Lançamento de Sistema";"39000";"Ministério dos Transportes";"39252";"Departamento Nacional de Infraestrutura de Tr";"390084";"SUPERINTENDENCIA REG. NO ESTADO DO AC - DNIT";"39252";"DEPTO. NAC. DE INFRA±ESTRUTURA DE TRANSPORTES";"51663476000143";"TUDO SOLUCOES & COMERCIO LTDA";"REFERENTE AO PAGAMENTO DA AQUISICAO DE 2.500 UNIDADES DE AGUA MINERAL DE 500 ML, PARA ATENDER AS DEMANDAS DA SUPERINTENDENCIA REGIONAL DO DNIT NO ESTADO DO ACRE.";"3";"DESPESAS CORRENTES";"3";"Outras Despesas Correntes";"90";"Aplicações Diretas";"30";"Material de Consumo";"0000";"ADMINISTRACAO DA UNIDADE - DESPESAS DIVERSAS";"00";"Sem informação"
"390084392522024NS000075";"2024NS000075";"01/01/2024";"NS";"Nota de Lançamento de Sistema";"39000";"Ministério dos Transportes";"39252";"Departamento Nacional de Infraestrutura de Tr";"390084";"SUPERINTENDENCIA REG. NO ESTADO DO AC - DNIT";"39252";"DEPTO. NAC. DE INFRA±ESTRUTURA DE TRANSPORTES";"05883509000143";"RONDONAUTO COMERCIO DE VEICULOS LTDA.";"PRESTACAO DE SERVICOS DE TROCA DE OLEO DO VEICULO(VERSA) PERTENCENTE A FROTA DA SUPERINTENDENCIA REGIONAL DO DNIT NO ESTADO DO ACRE, NOTA FISCAL N¤7154 , MES DE DEZEMBRO .";"3";"DESPESAS CORRENTES";"3";"Outras Despesas Correntes";"90";"Aplicações Diretas";"39";"Outros Serviços de Terceiros - Pessoa Juríd";"0000";"ADMINISTRACAO DA UNIDADE - DESPESAS DIVERSAS";"00";"Sem informação"
"154043152602024NS000019";"2024NS000019";"01/01/2024";"NS";"Nota de Lançamento de Sistema";"26000";"Ministério da Educação";"26274";"Fundação Universidade Federal de Uberlândi";"154043";"FUNDACAO UNIVERSIDADE FEDERAL DE UBERLANDIA";"15260";"FUNDACAO UNIVERSIDADE FEDERAL DE UBERLANDIA";"13169056000116";"DOCTORMED EQUIPAMENTOS E PRODUTOS HOSPITALARES LTDA";"NOTA DE LANCAMENTO GERADA PELO SIADS ATRAVES DE ENTRADA DE MATERIAL DE CONSUMO - IMEDIATO - RAP ENTRADA 4223/1 UG DE ORIGEM 154043.";"3";"DESPESAS CORRENTES";"3";"Outras Despesas Correntes";"90";"Aplicações Diretas";"30";"Material de Consumo";"0002";"FUNCIONAMENTO DOS HOSPITAIS VETERINARIOS";"00";"Sem informação"
"275075272112024NS000261";"2024NS000261";"01/01/2024";"NS";"Nota de Lançamento de Sistema";"39000";"Ministério dos Transportes";"29209";"VALEC Engenharia, Construções e Ferrovias S";"275075";"VALEC ENGENHARIA, CONSTRUCOES E FERROVIAS S.A";"27211";"VALEC-ENGENHARIA,CONSTRUCOES E FERROVIAS S/A";"40432544000147";"CLARO S.A.";"DLC 47/2024/SUADM, SEI 7939787 - PAGAMENTO REFERENTE A PRESTACAO DE SERVICOS DE TELEFONICOS DE ENTRADA E SAIDA, CONFORME CONDICOES, QUANTIDADES E EXIGENCIAS ESTABELECIDAS EM CONTRATO - CONTRATO 032/2021 - FATURA 23/12/24001279-6 - CODIGO DO CLIENTE 00001215001-0050 - COMPETENCIA DEZEMBRO/2023 - CLARO S.A.";"3";"DESPESAS CORRENTES";"3";"Outras Despesas Correntes";"90";"Aplicações Diretas";"39";"Outros Serviços de Terceiros - Pessoa Juríd";"0001";"ADMININISTRACAO: FERROVIA DE INTEGRACAO OESTE LESTE - FIOL";"00";"Sem informação"
"152254264222024NS000431";"2024NS000431";"01/01/2024";"NS";"Nota de Lançamento de Sistema";"26000";"Ministério da Educação";"26422";"Instituto Federal Catarinense";"152254";"IF CATARINENSE - CAMPUS BLUMENAU";"26422";"INST.FED.DE EDUC.,CIENC.E TEC.CATARINENSE";"115406";"EMPRESA BRASIL DE COMUNICACAO S.A";"INCLUSAO DO ATESTE E DA DEDUCAO DE TRIBUTOS FEDERAIS NA LIQUIDACAO DA FATURA 801758 REF. A PUBLICACAO DE 21/12/2023 - REF. AVISO DE CHAMADA PUBLICA DISPENSA DE LICITACAO 199/2023 - UASG 158125.";"3";"DESPESAS CORRENTES";"3";"Outras Despesas Correntes";"91";"Aplicação Direta Decorrente de Operação entre Órgãos, Fundos e Entidades Integrantes dos Orçamentos Fiscal e da Seguridade Social";"39";"Outros Serviços de Terceiros - Pessoa Juríd";"0000";"FUNCIONAMENTO DAS INSTITUICOES DA REDE FEDERAL DE EDUCACAO PROFISSIONAL, CIENTIFICA E TECNOLOGICA";"00";"Sem informação"
"152290264222024NS000370";"2024NS000370";"01/01/2024";"NS";"Nota de Lançamento de Sistema";"26000";"Ministério da Educação";"26422";"Instituto Federal Catarinense";"152290";"IF CATARINENSE - CAMPUS S. FRANCISCO DO SUL";"26422";"INST.FED.DE EDUC.,CIENC.E TEC.CATARINENSE";"41972339000137";"ADS CONEXAO LTDA";"LIQUIDACAO DA NF 1201, REFERENTE AQUISICAO DE CORDAO E MODULO OPTICO PARA ADEQUACOES NO IFC CAMPUS SAO FRANCISCO DO SUL, CARONA 95/2023 AO PE 75/2023 DA UASG 154051, PROCESSO 23476.001397/2023-61, RESPONSAVEIS RICARDO FRANKE E JEAN MACIEL.";"3";"DESPESAS CORRENTES";"3";"Outras Despesas Correntes";"90";"Aplicações Diretas";"30";"Material de Consumo";"0000";"FUNCIONAMENTO DAS INSTITUICOES DA REDE FEDERAL DE EDUCACAO PROFISSIONAL, CIENTIFICA E TECNOLOGICA";"00";"Sem informação"
"152290264222024NS000284";"2024NS000284";"01/01/2024";"NS";"Nota de Lançamento de Sistema";"26000";"Ministério da Educação";"26422";"Instituto Federal Catarinense";"152290";"IF CATARINENSE - CAMPUS S. FRANCISCO DO SUL";"26422";"INST.FED.DE EDUC.,CIENC.E TEC.CATARINENSE";"14065989000126";"CONTIGO SOLUCOES PARA GESTAO PUBLICA LTDA";"LIQUIDACAO DA NF 50416002, REFERENTE AQUISICAO DE 01 (UM) DECAPADOR DE CABO - PE 3/2023 IFC REITORIA, PROCESSO 23476.001383/2023-47, RESPONSAVEL RICARDO FRANKE E JEAN MACIEL.";"3";"DESPESAS CORRENTES";"3";"Outras Despesas Correntes";"90";"Aplicações Diretas";"30";"Material de Consumo";"0000";"FUNCIONAMENTO DAS INSTITUICOES DA REDE FEDERAL DE EDUCACAO PROFISSIONAL, CIENTIFICA E TECNOLOGICA";"00";"Sem informação"
"323031322052024NS005089";"2024NS005089";"01/01/2024";"NS";"Nota de Lançamento de Sistema";"32000";"Ministério de Minas e Energia";"32205";"Agência Nacional do Petróleo, Gás Natural ";"323031";"ESCRITORIO CENTRAL DA ANP";"32205";"AGENCIA NACIONAL DO PETROLEO";"37563497000166";"JULIANA DE OLIVEIRA CAROLINO MANHAES COMERCIO";"NOTA DE LANCAMENTO GERADA PELO SIADS ATRAVES DE ENTRADA DE MATERIAL DE CONSUMO POR COMPRA ? RAP ENTRADA 872/1 UG DE ORIGEM 323031.";"3";"DESPESAS CORRENTES";"3";"Outras Despesas Correntes";"90";"Aplicações Diretas";"30";"Material de Consumo";"0003";"OUTRAS DESPESAS ADMINISTRATIVAS";"00";"Sem informação"
"158327264192024NS000626";"2024NS000626";"01/01/2024";"NS";"Nota de Lançamento de Sistema";"26000";"Ministério da Educação";"26419";"Instituto Federal do Rio Grande do Sul";"158327";"INST.FED.DO RS/CAMPUS OSORIO";"26419";"INST.FED.DE EDUC.,CIENC.E TEC.DO RS";"05340639000130";"PRIME CONSULTORIA E ASSESSORIA EMPRESARIAL LTDA";"APROPRIACAO DA NOTA FISCAL 1993447 DO SERVICO DE MANUTENCAO VEICULAR E ABASTECIMENTO (SERVICO DE ABASTECIMENTO) DO IFRS CAMPUS OSORIO. PROC. 23367.000339/2021-95, PREGAO 02/2021, CARONA 01/2021, CONTRATO 32/2021.";"3";"DESPESAS CORRENTES";"3";"Outras Despesas Correntes";"90";"Aplicações Diretas";"39";"Outros Serviços de Terceiros - Pessoa Juríd";"0000";"FUNCIONAMENTO DAS INSTITUICOES DA REDE FEDERAL DE EDUCACAO PROFISSIONAL, CIENTIFICA E TECNOLOGICA";"00";"Sem informação"
"158327264192024NS000625";"2024NS000625";"01/01/2024";"NS";"Nota de Lançamento de Sistema";"26000";"Ministério da Educação";"26419";"Instituto Federal do Rio Grande do Sul";"158327";"INST.FED.DO RS/CAMPUS OSORIO";"26419";"INST.FED.DE EDUC.,CIENC.E TEC.DO RS";"05340639000130";"PRIME CONSULTORIA E ASSESSORIA EMPRESARIAL LTDA";"APROPRIACAO DA NOTA FISCAL 1993446 DO SERVICO DE MANUTENCAO VEICULAR E ABASTECIMENTO (SERVICO DE ABASTECIMENTO) DO IFRS CAMPUS OSORIO. PROC. 23367.000339/2021-95, PREGAO 02/2021, CARONA 01/2021, CONTRATO 32/2021.";"3";"DESPESAS CORRENTES";"3";"Outras Despesas Correntes";"90";"Aplicações Diretas";"39";"Outros Serviços de Terceiros - Pessoa Juríd";"0000";"FUNCIONAMENTO DAS INSTITUICOES DA REDE FEDERAL DE EDUCACAO PROFISSIONAL, CIENTIFICA E TECNOLOGICA";"00";"Sem informação"
"155914264432024NS001186";"2024NS001186";"01/01/2024";"NS";"Nota de Lançamento de Sistema";"26000";"Ministério da Educação";"26443";"Empresa Brasileira de Serviços Hospitalares";"155914";"HOSPITAL UNIVERSITARIO ALCIDES CARNEIRO";"26443";"EMPRESA BRASILEIRA DE SERVICOS HOSPITALARES";"94389400000184";"MCW PRODUTOS MEDICOS E HOSPITALARES LTDA";"PAGAMENTO REFERENTE A CAT37-AQUISICAO DE MEDICAMENTOS. ADESAO ATA UASG 155007. PREGAO ELETRONICO Nº 35/2022. NOTA FISCAL/DANFE Nº 533651, EMITIDA EM 24/10/2023. PROCESSO SEI Nº 23769.013807/2023-21. FORNECEDOR NAO OPTANTE SIMPLES NACIONAL.";"3";"DESPESAS CORRENTES";"3";"Outras Despesas Correntes";"90";"Aplicações Diretas";"30";"Material de Consumo";"0000";"REESTRUTURACAO E MODERNIZACAO DOS HOSPITAIS UNIVERSITARIOS FEDERAIS - REHUF - DESPESAS DIVERSAS";"00";"Sem informação"
"130014000012024NS000032";"2024NS000032";"01/01/2024";"NS";"Nota de Lançamento de Sistema";"22000";"Ministério da Agricultura e Pecuária";"22000";"Ministério da Agricultura e Pecuária - Unid";"130014";"SUPERINT.DE AGRICULTURA E PECUARIA - SFA/DF";"00001";"TESOURO NACIONAL";"00082024000137";"COMPANHIA DE SANEAMENTO AMBIENTAL DO DISTRITO FEDERAL";"PAGAMENTO DA NF N¤ 526/1 REFERENTE AO TRATAMENTO DE AGUA E ESGOTO, MES 12/2023";"3";"DESPESAS CORRENTES";"3";"Outras Despesas Correntes";"90";"Aplicações Diretas";"39";"Outros Serviços de Terceiros - Pessoa Juríd";"000S";"OPERACAO DOS SERVICOS ADMINISTRATIVOS DA SECRETARIA DE AQUICULTURA E PESCA";"00";"Sem informação"
"153164152382024NS000454";"2024NS000454";"01/01/2024";"NS";"Nota de Lançamento de Sistema";"26000";"Ministério da Educação";"26247";"Universidade Federal de Santa Maria";"153164";"UNIVERSIDADE FEDERAL DE SANTA MARIA";"15238";"UNIVERSIDADE FEDERAL DE SANTA MARIA - RS";"153164";"UNIVERSIDADE FEDERAL DE SANTA MARIA";"VLR REF CP PATRONAL EMPREGADOS AVULSOS E CP PATRONAL GILRAT ESOCIAL DEZ/2023";"3";"DESPESAS CORRENTES";"1";"Pessoal e Encargos Sociais";"91";"Aplicação Direta Decorrente de Operação entre Órgãos, Fundos e Entidades Integrantes dos Orçamentos Fiscal e da Seguridade Social";"13";"Obrigações Patronais";"0000";"ATIVOS CIVIS DA UNIAO";"00";"Sem informação"
"240270000012024NS000144";"2024NS000144";"01/01/2024";"NS";"Nota de Lançamento de Sistema";"35000";"Ministério das Relações Exteriores";"35000";"Ministério das Relações Exteriores - Unida";"240270";"EMBAIXADA DO BRASIL EM CAMBERRA";"00001";"TESOURO NACIONAL";"EXCBRCBA1";"COMMONWEALTH BANK OF AUSTRALIA";"LIQUIDACAO DE DESPESAS BANCARIAS. TAXA DE MANUTENCAO DA CONTA PRINCIPAL DO POSTO E TAXAS INCIDENTES SOBRE OPERACOES BANCARIAS DA CONTA PRINCIPAL E DA CONTA DA RENDA CONSULAR. JANEIRO/2024. DET 91/23. PROC. 09/2023.";"3";"DESPESAS CORRENTES";"3";"Outras Despesas Correntes";"90";"Aplicações Diretas";"39";"Outros Serviços de Terceiros - Pessoa Juríd";"000E";"SERVICOS E MANUTENCAO DO POSTO (SMP)";"00";"Sem informação"
"154043152602024NS000022";"2024NS000022";"01/01/2024";"NS";"Nota de Lançamento de Sistema";"26000";"Ministério da Educação";"26274";"Fundação Universidade Federal de Uberlândi";"154043";"FUNDACAO UNIVERSIDADE FEDERAL DE UBERLANDIA";"15260";"FUNDACAO UNIVERSIDADE FEDERAL DE UBERLANDIA";"48778881000100";"FASTMED COMERCIO DE MEDICAMENTOS E MATERIAIS HOSPITALAR";"NOTA DE LANCAMENTO GERADA PELO SIADS ATRAVES DE ENTRADA DE MATERIAL DE CONSUMO - IMEDIATO ENTRADA 1011/1 UG DE ORIGEM 154043.";"3";"DESPESAS CORRENTES";"3";"Outras Despesas Correntes";"90";"Aplicações Diretas";"30";"Material de Consumo";"0000";"FUNCIONAMENTO DAS INSTITUICOES DA REDE FEDERAL DE EDUCACAO PROFISSIONAL, CIENTIFICA E TECNOLOGICA";"00";"Sem informação"
"110794000012024NS000839";"2024NS000839";"01/01/2024";"NS";"Nota de Lançamento de Sistema";"52000";"Ministério da Defesa";"52000";"Ministério da Defesa - Unidades com vínculo";"110794";"SECRETARIA EXECUTIVA/OPERACAO ACOLHIDA";"00001";"TESOURO NACIONAL";"18472579000150";"COMSABOR COMERCIO DE ALIMENTOS LTDA";"NOTA DE LANCAMENTO GERADA PELO SIADS ATRAVES DE ENTRADA DE MATERIAL DE CONSUMO - IMEDIATO - RAP ENTRADA 10484/2 UG DE ORIGEM 110794.";"3";"DESPESAS CORRENTES";"3";"Outras Despesas Correntes";"90";"Aplicações Diretas";"30";"Material de Consumo";"0001";"ACAO HUMANITARIA PARA PESSOAL EM SITUACAO DE VULNERABILIDADE ADVINDAS DA VENEZUELA (OPERACAO ACOLHIDA)";"00";"Sem informação"
"110794000012024NS000245";"2024NS000245";"01/01/2024";"NS";"Nota de Lançamento de Sistema";"52000";"Ministério da Defesa";"52000";"Ministério da Defesa - Unidades com vínculo";"110794";"SECRETARIA EXECUTIVA/OPERACAO ACOLHIDA";"00001";"TESOURO NACIONAL";"49453812000181";"L&D BUSINESS LTDA";"NOTA DE LANCAMENTO GERADA PELO SIADS ATRAVES DE ENTRADA DE MATERIAL DE CONSUMO - IMEDIATO - RAP ENTRADA 21/1 UG DE ORIGEM 110794.";"3";"DESPESAS CORRENTES";"3";"Outras Despesas Correntes";"90";"Aplicações Diretas";"30";"Material de Consumo";"0001";"ACAO HUMANITARIA PARA PESSOAL EM SITUACAO DE VULNERABILIDADE ADVINDAS DA VENEZUELA (OPERACAO ACOLHIDA)";"00";"Sem informação"
"110794000012024NS000479";"2024NS000479";"01/01/2024";"NS";"Nota de Lançamento de Sistema";"52000";"Ministério da Defesa";"52000";"Ministério da Defesa - Unidades com vínculo";"110794";"SECRETARIA EXECUTIVA/OPERACAO ACOLHIDA";"00001";"TESOURO NACIONAL";"05759505000158";"COOPERATIVA DOS HORTIFRUTIGRANJEIROS DE RORAIMA - COOPH";"NOTA DE LANCAMENTO GERADA PELO SIADS ATRAVES DE ENTRADA DE MATERIAL DE CONSUMO - IMEDIATO - RAP ENTRADA 28980/1 UG DE ORIGEM 110794.";"3";"DESPESAS CORRENTES";"3";"Outras Despesas Correntes";"90";"Aplicações Diretas";"30";"Material de Consumo";"0001";"ACAO HUMANITARIA PARA PESSOAL EM SITUACAO DE VULNERABILIDADE ADVINDAS DA VENEZUELA (OPERACAO ACOLHIDA)";"00";"Sem informação"
"110794000012024NS000525";"2024NS000525";"01/01/2024";"NS";"Nota de Lançamento de Sistema";"52000";"Ministério da Defesa";"52000";"Ministério da Defesa - Unidades com vínculo";"110794";"SECRETARIA EXECUTIVA/OPERACAO ACOLHIDA";"00001";"TESOURO NACIONAL";"14816742000102";"JOSE M R JUNIOR LTDA";"NOTA DE LANCAMENTO GERADA PELO SIADS ATRAVES DE ENTRADA DE MATERIAL DE CONSUMO - IMEDIATO - RAP ENTRADA 1834/1 UG DE ORIGEM 110794.";"3";"DESPESAS CORRENTES";"3";"Outras Despesas Correntes";"90";"Aplicações Diretas";"30";"Material de Consumo";"0001";"ACAO HUMANITARIA PARA PESSOAL EM SITUACAO DE VULNERABILIDADE ADVINDAS DA VENEZUELA (OPERACAO ACOLHIDA)";"00";"Sem informação"
"110794000012024NS001102";"2024NS001102";"01/01/2024";"NS";"Nota de Lançamento de Sistema";"52000";"Ministério da Defesa";"52000";"Ministério da Defesa - Unidades com vínculo";"110794";"SECRETARIA EXECUTIVA/OPERACAO ACOLHIDA";"00001";"TESOURO NACIONAL";"07442086000151";"J L C DE MELO";"NOTA DE LANCAMENTO GERADA PELO SIADS ATRAVES DE ENTRADA DE MATERIAL DE CONSUMO - IMEDIATO ENTRADA 3646/1 UG DE ORIGEM 110794.";"3";"DESPESAS CORRENTES";"3";"Outras Despesas Correntes";"90";"Aplicações Diretas";"30";"Material de Consumo";"0001";"ACAO HUMANITARIA PARA PESSOAL EM SITUACAO DE VULNERABILIDADE ADVINDAS DA VENEZUELA (OPERACAO ACOLHIDA)";"00";"Sem informação"
"110794000012024NS002504";"2024NS002504";"01/01/2024";"NS";"Nota de Lançamento de Sistema";"52000";"Ministério da Defesa";"52000";"Ministério da Defesa - Unidades com vínculo";"110794";"SECRETARIA EXECUTIVA/OPERACAO ACOLHIDA";"00001";"TESOURO NACIONAL";"07442086000151";"J L C DE MELO";"NOTA DE LANCAMENTO GERADA PELO SIADS ATRAVES DE ENTRADA DE MATERIAL DE CONSUMO - IMEDIATO - RAP ENTRADA 3688/1 UG DE ORIGEM 110794.";"3";"DESPESAS CORRENTES";"3";"Outras Despesas Correntes";"90";"Aplicações Diretas";"30";"Material de Consumo";"0001";"ACAO HUMANITARIA PARA PESSOAL EM SITUACAO DE VULNERABILIDADE ADVINDAS DA VENEZUELA (OPERACAO ACOLHIDA)";"00";"Sem informação"
"110794000012024NS000231";"2024NS000231";"01/01/2024";"NS";"Nota de Lançamento de Sistema";"52000";"Ministério da Defesa";"52000";"Ministério da Defesa - Unidades com vínculo";"110794";"SECRETARIA EXECUTIVA/OPERACAO ACOLHIDA";"00001";"TESOURO NACIONAL";"07442086000151";"J L C DE MELO";"NOTA DE LANCAMENTO GERADA PELO SIADS ATRAVES DE ENTRADA DE MATERIAL DE CONSUMO - COMPRA ENTRADA 3647/1 UG DE ORIGEM 110794.";"3";"DESPESAS CORRENTES";"3";"Outras Despesas Correntes";"90";"Aplicações Diretas";"30";"Material de Consumo";"0001";"ACAO HUMANITARIA PARA PESSOAL EM SITUACAO DE VULNERABILIDADE ADVINDAS DA VENEZUELA (OPERACAO ACOLHIDA)";"00";"Sem informação"
"110794000012024NS002508";"2024NS002508";"01/01/2024";"NS";"Nota de Lançamento de Sistema";"52000";"Ministério da Defesa";"52000";"Ministério da Defesa - Unidades com vínculo";"110794";"SECRETARIA EXECUTIVA/OPERACAO ACOLHIDA";"00001";"TESOURO NACIONAL";"07442086000151";"J L C DE MELO";"NOTA DE LANCAMENTO GERADA PELO SIADS ATRAVES DE ENTRADA DE MATERIAL DE CONSUMO - IMEDIATO - RAP ENTRADA 3611/1 UG DE ORIGEM 110794.";"3";"DESPESAS CORRENTES";"3";"Outras Despesas Correntes";"90";"Aplicações Diretas";"30";"Material de Consumo";"0001";"ACAO HUMANITARIA PARA PESSOAL EM SITUACAO DE VULNERABILIDADE ADVINDAS DA VENEZUELA (OPERACAO ACOLHIDA)";"00";"Sem informação"
"110794000012024NS003038";"2024NS003038";"01/01/2024";"NS";"Nota de Lançamento de Sistema";"52000";"Ministério da Defesa";"52000";"Ministério da Defesa - Unidades com vínculo";"110794";"SECRETARIA EXECUTIVA/OPERACAO ACOLHIDA";"00001";"TESOURO NACIONAL";"23178513000192";"COOPERATIVA AGROPECUARIA NOVA AMAZONIA - COOPANA";"NOTA DE LANCAMENTO GERADA PELO SIADS ATRAVES DE ENTRADA DE MATERIAL DE CONSUMO - IMEDIATO - RAP ENTRADA 314/2 UG DE ORIGEM 110794.";"3";"DESPESAS CORRENTES";"3";"Outras Despesas Correntes";"90";"Aplicações Diretas";"30";"Material de Consumo";"0001";"ACAO HUMANITARIA PARA PESSOAL EM SITUACAO DE VULNERABILIDADE ADVINDAS DA VENEZUELA (OPERACAO ACOLHIDA)";"00";"Sem informação"
"158413264112024NS000017";"2024NS000017";"01/01/2024";"NS";"Nota de Lançamento de Sistema";"26000";"Ministério da Educação";"26411";"Instituto Federal do Sudeste de Minas Gerais";"158413";"INST FED SUDESTE DE MG/CAMPUS BARBACENA";"26411";"INST.FED.DE EDUC.,CIENC.E TEC.DO SUDESTE MG";"12039966000111";"LINK CARD ADMINISTRADORA DE BENEFICIOS LTDA";"PAGAMENTO DA NOTA FISCAL 01070599 - EMISSAO DE NOTA DE EMPENHO PARA O PAGAMENTO DE DESPESAS DO CONTRATO Nº 31/2022 - EMPRESA: LINK CARD ADMINISTRADORA DE BENEFICIOS EIRELI - SERVICOS DE GERENCIAMENTO E MANUTENCAO PREVENTIVA E CORRETIVA POR MEIO DE REDE CREDENCIADA - PROCESSO Nº 23355.001502/2022-57 - REFERENTE A DEZEMBRO DE 2023 - RETENCAO DE ISSQN";"3";"DESPESAS CORRENTES";"3";"Outras Despesas Correntes";"90";"Aplicações Diretas";"39";"Outros Serviços de Terceiros - Pessoa Juríd";"0000";"FUNCIONAMENTO DAS INSTITUICOES DA REDE FEDERAL DE EDUCACAO PROFISSIONAL, CIENTIFICA E TECNOLOGICA";"00";"Sem informação"
"158413264112024NS000014";"2024NS000014";"01/01/2024";"NS";"Nota de Lançamento de Sistema";"26000";"Ministério da Educação";"26411";"Instituto Federal do Sudeste de Minas Gerais";"158413";"INST FED SUDESTE DE MG/CAMPUS BARBACENA";"26411";"INST.FED.DE EDUC.,CIENC.E TEC.DO SUDESTE MG";"12039966000111";"LINK CARD ADMINISTRADORA DE BENEFICIOS LTDA";"PAGAMENTO DA NOTA FISCAL 01070598 - LINK CARD - DESPESAS DO CONTRATO Nº 31/2022 - FORNECIMENTO DE PECAS - PROCESSO Nº 23355.001502/2022-57 - DESPACHO DE AUTORIZACAO Nº 2284 / 2022 - BBCGAB (11.02.01) - REFERENTE A DEZEMBRO DE 2023";"3";"DESPESAS CORRENTES";"3";"Outras Despesas Correntes";"90";"Aplicações Diretas";"30";"Material de Consumo";"0000";"FUNCIONAMENTO DAS INSTITUICOES DA REDE FEDERAL DE EDUCACAO PROFISSIONAL, CIENTIFICA E TECNOLOGICA";"00";"Sem informação"
"153010152442024NS005050";"2024NS005050";"01/01/2024";"NS";"Nota de Lançamento de Sistema";"26000";"Ministério da Educação";"26256";"Centro Federal de Educação Tecnológica Cel";"153010";"CENTRO FED.DE EDUC.TECNOL.CELSO S.DA FONSECA";"15244";"CENTRO FED.EDUC.TECN.CELSO SUCKOW DA FONSECA";"13338681000144";"COMERCIAL SPONCHIADO LTDA";"NOTA DE LANCAMENTO GERADA PELO SIADS ATRAVES DE ENTRADA DE MATERIAL DE CONSUMO - IMEDIATO - RAP ENTRADA 9843/1 UG DE ORIGEM 153010.";"3";"DESPESAS CORRENTES";"3";"Outras Despesas Correntes";"90";"Aplicações Diretas";"30";"Material de Consumo";"0000";"FUNCIONAMENTO DAS INSTITUICOES DA REDE FEDERAL DE EDUCACAO PROFISSIONAL, CIENTIFICA E TECNOLOGICA";"00";"Sem informação"
"158312264132024NS000036";"2024NS000036";"01/01/2024";"NS";"Nota de Lançamento de Sistema";"26000";"Ministério da Educação";"26413";"Instituto Federal do Triângulo Mineiro";"158312";"INST.FED.TRIANGULO MINEIRO/CAMPUS UBERLANDIA";"26413";"INST.FED.DE EDUC.,CIENC.E TEC.DO TRIA.MINEIRO";"40276871000157";"HB PROTECTION LTDA";"NOTA DE LANCAMENTO GERADA PELO SIADS ATRAVES DE ENTRADA DE MATERIAL DE CONSUMO POR COMPRA ? RAP ENTRADA 105/1 UG DE ORIGEM 158312.";"3";"DESPESAS CORRENTES";"3";"Outras Despesas Correntes";"90";"Aplicações Diretas";"30";"Material de Consumo";"0000";"FUNCIONAMENTO DAS INSTITUICOES DA REDE FEDERAL DE EDUCACAO PROFISSIONAL, CIENTIFICA E TECNOLOGICA";"00";"Sem informação"
"257027000012024NS001842";"2024NS001842";"01/01/2024";"NS";"Nota de Lançamento de Sistema";"36000";"Ministério da Saúde";"36000";"Ministério da Saúde - Unidades com vínculo";"257027";"DISTRITO SANIT.ESP.INDIGENA - MANAUS";"00001";"TESOURO NACIONAL";"35472743000149";"HEALTH DISTRIBUIDORA DE MEDICAMENTOS LTDA";"NOTA DE LANCAMENTO GERADA PELO SIADS ATRAVES DE ENTRADA DE MATERIAL DE CONSUMO - IMEDIATO - RAP ENTRADA 6264/01 UG DE ORIGEM 257027.";"3";"DESPESAS CORRENTES";"3";"Outras Despesas Correntes";"90";"Aplicações Diretas";"30";"Material de Consumo";"0000";"PROMOCAO, PROTECAO E RECUPERACAO DA SAUDE INDIGENA - DESPESAS DIVERSAS";"00";"Sem informação"
"257027000012024NS001836";"2024NS001836";"01/01/2024";"NS";"Nota de Lançamento de Sistema";"36000";"Ministério da Saúde";"36000";"Ministério da Saúde - Unidades com vínculo";"257027";"DISTRITO SANIT.ESP.INDIGENA - MANAUS";"00001";"TESOURO NACIONAL";"35472743000149";"HEALTH DISTRIBUIDORA DE MEDICAMENTOS LTDA";"NOTA DE LANCAMENTO GERADA PELO SIADS ATRAVES DE ENTRADA DE MATERIAL DE CONSUMO - IMEDIATO - RAP ENTRADA 4908/01 UG DE ORIGEM 257027.";"3";"DESPESAS CORRENTES";"3";"Outras Despesas Correntes";"90";"Aplicações Diretas";"30";"Material de Consumo";"0000";"PROMOCAO, PROTECAO E RECUPERACAO DA SAUDE INDIGENA - DESPESAS DIVERSAS";"00";"Sem informação"
"257027000012024NS001839";"2024NS001839";"01/01/2024";"NS";"Nota de Lançamento de Sistema";"36000";"Ministério da Saúde";"36000";"Ministério da Saúde - Unidades com vínculo";"257027";"DISTRITO SANIT.ESP.INDIGENA - MANAUS";"00001";"TESOURO NACIONAL";"35472743000149";"HEALTH DISTRIBUIDORA DE MEDICAMENTOS LTDA";"NOTA DE LANCAMENTO GERADA PELO SIADS ATRAVES DE ENTRADA DE MATERIAL DE CONSUMO - IMEDIATO - RAP ENTRADA 5109/01 UG DE ORIGEM 257027.";"3";"DESPESAS CORRENTES";"3";"Outras Despesas Correntes";"90";"Aplicações Diretas";"30";"Material de Consumo";"0000";"PROMOCAO, PROTECAO E RECUPERACAO DA SAUDE INDIGENA - DESPESAS DIVERSAS";"00";"Sem informação"
"257027000012024NS001840";"2024NS001840";"01/01/2024";"NS";"Nota de Lançamento de Sistema";"36000";"Ministério da Saúde";"36000";"Ministério da Saúde - Unidades com vínculo";"257027";"DISTRITO SANIT.ESP.INDIGENA - MANAUS";"00001";"TESOURO NACIONAL";"35472743000149";"HEALTH DISTRIBUIDORA DE MEDICAMENTOS LTDA";"NOTA DE LANCAMENTO GERADA PELO SIADS ATRAVES DE ENTRADA DE MATERIAL DE CONSUMO - IMEDIATO - RAP ENTRADA 5365/01 UG DE ORIGEM 257027.";"3";"DESPESAS CORRENTES";"3";"Outras Despesas Correntes";"90";"Aplicações Diretas";"30";"Material de Consumo";"0000";"PROMOCAO, PROTECAO E RECUPERACAO DA SAUDE INDIGENA - DESPESAS DIVERSAS";"00";"Sem informação"
"257027000012024NS001841";"2024NS001841";"01/01/2024";"NS";"Nota de Lançamento de Sistema";"36000";"Ministério da Saúde";"36000";"Ministério da Saúde - Unidades com vínculo";"257027";"DISTRITO SANIT.ESP.INDIGENA - MANAUS";"00001";"TESOURO NACIONAL";"35472743000149";"HEALTH DISTRIBUIDORA DE MEDICAMENTOS LTDA";"NOTA DE LANCAMENTO GERADA PELO SIADS ATRAVES DE ENTRADA DE MATERIAL DE CONSUMO - IMEDIATO - RAP ENTRADA 5778/01 UG DE ORIGEM 257027.";"3";"DESPESAS CORRENTES";"3";"Outras Despesas Correntes";"90";"Aplicações Diretas";"30";"Material de Consumo";"0000";"PROMOCAO, PROTECAO E RECUPERACAO DA SAUDE INDIGENA - DESPESAS DIVERSAS";"00";"Sem informação"
"257027000012024NS001837";"2024NS001837";"01/01/2024";"NS";"Nota de Lançamento de Sistema";"36000";"Ministério da Saúde";"36000";"Ministério da Saúde - Unidades com vínculo";"257027";"DISTRITO SANIT.ESP.INDIGENA - MANAUS";"00001";"TESOURO NACIONAL";"35472743000149";"HEALTH DISTRIBUIDORA DE MEDICAMENTOS LTDA";"NOTA DE LANCAMENTO GERADA PELO SIADS ATRAVES DE ENTRADA DE MATERIAL DE CONSUMO - IMEDIATO - RAP ENTRADA 5045/01 UG DE ORIGEM 257027.";"3";"DESPESAS CORRENTES";"3";"Outras Despesas Correntes";"90";"Aplicações Diretas";"30";"Material de Consumo";"0000";"PROMOCAO, PROTECAO E RECUPERACAO DA SAUDE INDIGENA - DESPESAS DIVERSAS";"00";"Sem informação"
"257027000012024NS001838";"2024NS001838";"01/01/2024";"NS";"Nota de Lançamento de Sistema";"36000";"Ministério da Saúde";"36000";"Ministério da Saúde - Unidades com vínculo";"257027";"DISTRITO SANIT.ESP.INDIGENA - MANAUS";"00001";"TESOURO NACIONAL";"35472743000149";"HEALTH DISTRIBUIDORA DE MEDICAMENTOS LTDA";"NOTA DE LANCAMENTO GERADA PELO SIADS ATRAVES DE ENTRADA DE MATERIAL DE CONSUMO - IMEDIATO - RAP ENTRADA 5085/01 UG DE ORIGEM 257027.";"3";"DESPESAS CORRENTES";"3";"Outras Despesas Correntes";"90";"Aplicações Diretas";"30";"Material de Consumo";"0000";"PROMOCAO, PROTECAO E RECUPERACAO DA SAUDE INDIGENA - DESPESAS DIVERSAS";"00";"Sem informação"
"257027000012024NS001861";"2024NS001861";"01/01/2024";"NS";"Nota de Lançamento de Sistema";"36000";"Ministério da Saúde";"36000";"Ministério da Saúde - Unidades com vínculo";"257027";"DISTRITO SANIT.ESP.INDIGENA - MANAUS";"00001";"TESOURO NACIONAL";"28766510000193";"DESAFIO FARMA DISTRIBUIDORA DE MEDICAMENTOS LTDA";"NOTA DE LANCAMENTO GERADA PELO SIADS ATRAVES DE ENTRADA DE MATERIAL DE CONSUMO - IMEDIATO - RAP ENTRADA 4639/01 UG DE ORIGEM 257027.";"3";"DESPESAS CORRENTES";"3";"Outras Despesas Correntes";"90";"Aplicações Diretas";"30";"Material de Consumo";"0000";"PROMOCAO, PROTECAO E RECUPERACAO DA SAUDE INDIGENA - DESPESAS DIVERSAS";"00";"Sem informação"
